customer_id,recency_days,frequency,monetary_value,average_order_value,last_purchase_date,cluster
12346,326,1,77183.6,77183.6,2011-01-18 10:01:00,0
12347,2,7,4310.0,615.7142857142857,2011-12-07 15:52:00,2
12348,75,4,1797.24,449.31,2011-09-25 13:13:00,2
12349,19,1,1757.55,1757.55,2011-11-21 09:51:00,2
12350,310,1,334.4,334.4,2011-02-02 16:01:00,2
12352,36,8,2506.04,313.255,2011-11-03 14:37:00,2
12353,204,1,89.0,89.0,2011-05-19 17:47:00,2
12354,232,1,1079.4,1079.4,2011-04-21 13:11:00,2
12355,214,1,459.4,459.4,2011-05-09 13:49:00,2
12356,23,3,2811.43,937.1433333333332,2011-11-17 08:40:00,2
12357,33,1,6207.67,6207.67,2011-11-06 16:07:00,2
12358,2,2,1168.06,584.03,2011-12-08 10:26:00,2
12359,58,4,6372.58,1593.145,2011-10-13 12:47:00,2
12360,52,3,2662.06,887.3533333333334,2011-10-18 15:22:00,2
12361,287,1,189.9,189.9,2011-02-25 13:51:00,2
12362,3,10,5226.23,522.6229999999999,2011-12-06 15:40:00,2
12363,110,2,552.0,276.0,2011-08-22 10:18:00,2
12364,8,4,1313.1,328.275,2011-12-02 10:22:00,2
12365,291,2,641.38,320.69,2011-02-21 14:04:00,2
12367,4,1,168.9,168.9,2011-12-05 16:48:00,2
12370,51,4,3545.69,886.4225,2011-10-19 14:51:00,2
12371,45,2,1887.96,943.98,2011-10-26 10:16:00,2
12372,72,3,1298.04,432.68,2011-09-29 12:12:00,2
12373,311,1,364.6,364.6,2011-02-01 13:10:00,2
12374,25,1,742.9300000000001,742.9300000000001,2011-11-14 15:37:00,2
12375,11,2,457.5,228.75,2011-11-29 10:36:00,2
12377,315,2,1628.12,814.06,2011-01-28 15:45:00,2
12378,130,1,4008.62,4008.62,2011-08-02 10:34:00,2
12379,82,2,852.24,426.12,2011-09-19 10:09:00,2
12380,22,4,2724.81,681.2025,2011-11-18 11:27:00,2
12381,5,5,1845.31,369.062,2011-12-05 12:44:00,2
12383,185,5,1850.56,370.112,2011-06-08 08:02:00,2
12384,29,2,585.27,292.635,2011-11-11 08:39:00,2
12386,338,2,401.9,200.95,2011-01-06 12:37:00,2
12388,16,6,2780.66,463.4433333333333,2011-11-24 12:30:00,2
12390,80,1,549.84,549.84,2011-09-21 09:33:00,2
12391,22,1,460.89,460.89,2011-11-18 12:07:00,2
12393,72,4,1582.6,395.65,2011-09-28 15:41:00,2
12394,64,2,1272.48,636.24,2011-10-07 08:08:00,2
12395,19,12,3018.63,251.5525,2011-11-20 15:21:00,2
12397,36,2,2409.9,1204.95,2011-11-04 09:52:00,2
12398,46,1,1635.66,1635.66,2011-10-25 10:27:00,2
12399,119,4,1108.65,277.1625,2011-08-12 13:15:00,2
12401,303,1,84.3,84.3,2011-02-09 13:50:00,2
12402,323,1,225.6,225.6,2011-01-20 13:49:00,2
12403,50,1,427.7,427.7,2011-10-21 10:51:00,2
12405,149,1,1710.39,1710.39,2011-07-14 08:52:00,2
12406,22,2,3415.3,1707.65,2011-11-17 19:22:00,2
12407,50,5,1708.12,341.624,2011-10-21 10:11:00,2
12408,33,5,2888.55,577.71,2011-11-07 12:27:00,2
12409,79,3,11072.67,3690.89,2011-09-22 10:38:00,2
12410,309,2,693.3299999999999,346.665,2011-02-04 10:39:00,2
12412,75,3,1226.88,408.96,2011-09-26 10:16:00,2
12413,67,3,758.1,252.7,2011-10-04 09:00:00,2
12414,217,3,562.41,187.47,2011-05-06 14:51:00,2
12415,24,21,124914.53,5948.310952380953,2011-11-15 14:22:00,2
12417,3,9,3649.1,405.4555555555555,2011-12-06 14:52:00,2
12418,113,1,668.58,668.58,2011-08-19 11:08:00,2
12420,64,1,600.39,600.39,2011-10-07 08:55:00,2
12421,16,4,807.04,201.76,2011-11-24 09:07:00,2
12422,96,3,803.5600000000001,267.8533333333333,2011-09-05 09:48:00,2
12423,1,8,1859.31,232.41375,2011-12-09 10:10:00,2
12424,163,2,1760.96,880.48,2011-06-30 12:06:00,2
12425,78,1,777.2,777.2,2011-09-22 17:31:00,2
12426,195,1,582.73,582.73,2011-05-29 12:26:00,2
12427,22,3,825.8,275.26666666666665,2011-11-18 08:56:00,2
12428,26,9,7956.46,884.0511111111111,2011-11-14 08:22:00,2
12429,9,4,3750.4,937.6,2011-11-30 17:22:00,2
12430,43,1,256.4,256.4,2011-10-27 15:09:00,2
12431,36,15,6487.45,432.4966666666666,2011-11-04 11:55:00,2
12432,43,5,5059.32,1011.864,2011-10-28 11:43:00,2
12433,1,7,13375.87,1910.838571428572,2011-12-09 10:02:00,2
12434,85,2,806.14,403.07,2011-09-16 12:38:00,2
12435,80,2,7829.89,3914.945,2011-09-21 09:06:00,2
12436,100,1,509.01,509.01,2011-09-01 12:09:00,2
12437,2,18,4951.41,275.0783333333333,2011-12-08 11:35:00,2
12438,14,2,2906.85,1453.425,2011-11-25 13:28:00,2
12441,367,1,173.55,173.55,2010-12-08 10:45:00,2
12442,3,1,172.06,172.06,2011-12-06 14:22:00,2
12444,21,5,5005.46,1001.092,2011-11-18 13:23:00,2
12445,22,1,133.4,133.4,2011-11-17 18:43:00,2
12446,58,1,1002.31,1002.31,2011-10-13 12:50:00,2
12447,243,1,476.49,476.49,2011-04-10 13:25:00,2
12448,44,1,449.45,449.45,2011-10-26 13:46:00,2
12449,22,4,4067.29,1016.8225,2011-11-17 13:46:00,2
12450,156,2,197.88,98.94,2011-07-06 14:41:00,2
12451,11,5,9035.52,1807.104,2011-11-29 08:40:00,2
12452,17,2,430.57,215.285,2011-11-23 10:28:00,2
12453,134,1,707.09,707.09,2011-07-28 14:08:00,2
12454,56,1,3528.34,3528.34,2011-10-14 17:13:00,2
12455,73,6,2466.86,411.1433333333334,2011-09-27 15:31:00,2
12456,44,3,3181.04,1060.3466666666666,2011-10-26 14:41:00,2
12457,66,7,2363.23,337.6042857142857,2011-10-04 13:13:00,2
12458,71,2,947.4,473.7,2011-09-29 15:25:00,2
12461,94,2,826.88,413.44,2011-09-06 16:57:00,2
12462,19,2,1189.59,594.795,2011-11-21 09:11:00,2
12463,53,4,1344.78,336.195,2011-10-17 13:44:00,2
12464,10,8,1212.05,151.50625,2011-11-29 13:33:00,2
12465,17,2,742.1899999999999,371.095,2011-11-22 16:34:00,2
12468,188,2,729.5400000000001,364.77,2011-06-05 11:36:00,2
12471,2,30,19824.05,660.8016666666666,2011-12-07 15:43:00,2
12472,32,7,6572.11,938.8728571428572,2011-11-07 14:01:00,2
12473,29,5,3938.55,787.7099999999999,2011-11-10 13:46:00,2
12474,17,18,7375.79,409.7661111111111,2011-11-22 14:39:00,2
12475,54,1,723.38,723.38,2011-10-17 10:10:00,2
12476,16,11,6816.42,619.6745454545454,2011-11-24 12:40:00,2
12477,23,6,13219.74,2203.29,2011-11-17 09:51:00,2
12478,4,1,680.99,680.99,2011-12-06 09:56:00,2
12479,11,1,527.2,527.2,2011-11-28 13:26:00,2
12480,28,4,3281.63,820.4075,2011-11-11 14:52:00,2
12481,23,10,5596.32,559.632,2011-11-17 08:29:00,2
12483,17,8,2484.98,310.6225,2011-11-22 17:02:00,2
12484,33,6,4541.72,756.9533333333334,2011-11-07 11:37:00,2
12488,10,3,1298.66,432.8866666666667,2011-11-30 08:50:00,2
12489,336,1,334.93,334.93,2011-01-07 13:13:00,2
12490,5,10,5417.93,541.793,2011-12-04 16:07:00,2
12491,39,1,460.4,460.4,2011-11-01 12:18:00,2
12492,63,2,263.21000000000004,131.60500000000002,2011-10-07 15:15:00,2
12493,166,2,433.74,216.87,2011-06-27 10:17:00,2
12494,16,7,1246.1,178.01428571428573,2011-11-24 09:34:00,2
12497,82,1,1043.1,1043.1,2011-09-19 12:29:00,2
12498,21,3,403.7000000000001,134.5666666666667,2011-11-18 12:53:00,2
12500,23,11,4257.82,387.07454545454544,2011-11-16 16:20:00,2
12501,337,1,2169.39,2169.39,2011-01-07 12:28:00,2
12502,96,5,3723.87,744.774,2011-09-05 11:52:00,2
12504,18,2,482.05,241.025,2011-11-21 16:02:00,2
12506,233,1,73.5,73.5,2011-04-21 08:54:00,2
12507,134,3,1304.81,434.93666666666667,2011-07-28 17:09:00,2
12508,26,2,398.27,199.135,2011-11-13 15:37:00,2
12509,284,1,176.5,176.5,2011-02-28 14:45:00,2
12510,143,2,982.57,491.285,2011-07-20 10:15:00,2
12512,66,2,138.03,69.015,2011-10-04 14:55:00,2
12513,113,1,612.29,612.29,2011-08-19 10:51:00,2
12514,267,1,1017.68,1017.68,2011-03-17 16:38:00,2
12515,353,1,383.7,383.7,2010-12-21 15:43:00,2
12516,78,2,1312.06,656.03,2011-09-23 09:13:00,2
12517,28,5,2502.84,500.568,2011-11-11 14:04:00,2
12518,1,5,2056.89,411.378,2011-12-09 10:13:00,2
12519,64,1,340.84,340.84,2011-10-07 09:26:00,2
12520,79,5,2634.26,526.8520000000001,2011-09-21 15:23:00,2
12521,143,1,599.68,599.68,2011-07-20 10:51:00,2
12522,39,2,192.72,96.36,2011-10-31 15:30:00,2
12523,19,11,1789.77,162.70636363636365,2011-11-20 12:55:00,2
12524,9,8,4485.72,560.715,2011-11-30 15:31:00,2
12526,1,3,1316.66,438.8866666666667,2011-12-09 12:09:00,2
12527,82,3,348.71000000000004,116.23666666666668,2011-09-19 11:55:00,2
12528,9,6,1933.48,322.24666666666667,2011-11-30 14:40:00,2
12530,60,4,1662.28,415.57,2011-10-11 12:34:00,2
12531,15,1,125.22,125.22,2011-11-25 11:12:00,2
12532,30,1,349.83000000000004,349.83000000000004,2011-11-09 13:47:00,2
12534,131,1,1089.18,1089.18,2011-08-01 10:26:00,2
12535,92,2,716.35,358.175,2011-09-09 08:48:00,2
12536,43,3,12601.830000000002,4200.610000000001,2011-10-27 14:20:00,2
12538,29,1,363.95,363.95,2011-11-10 17:16:00,2
12539,22,4,5568.35,1392.0875,2011-11-17 13:30:00,2
12540,20,17,13400.24,788.2494117647059,2011-11-20 11:31:00,2
12541,30,3,981.18,327.06,2011-11-10 10:40:00,2
12544,36,1,372.7,372.7,2011-11-03 16:15:00,2
12545,75,2,1000.39,500.195,2011-09-25 13:39:00,2
12546,47,2,1161.5,580.75,2011-10-24 12:09:00,2
12547,198,2,207.8,103.9,2011-05-26 12:38:00,2
12548,166,1,95.2,95.2,2011-06-26 15:35:00,2
12550,79,1,964.83,964.83,2011-09-21 14:35:00,2
12551,358,1,168.0,168.0,2010-12-17 11:23:00,2
12552,39,2,437.82,218.91,2011-11-01 10:02:00,2
12553,8,10,3692.28,369.228,2011-12-01 16:38:00,2
12556,50,2,603.71,301.855,2011-10-20 13:06:00,2
12557,16,5,11990.96,2398.192,2011-11-23 16:59:00,2
12558,8,1,269.96,269.96,2011-12-02 10:41:00,2
12559,311,2,561.71,280.855,2011-02-02 09:49:00,2
12560,5,3,2134.01,711.3366666666667,2011-12-04 13:54:00,2
12561,303,1,238.85,238.85,2011-02-10 11:39:00,2
12562,8,7,3781.74,540.2485714285715,2011-12-01 17:20:00,2
12564,261,1,456.9,456.9,2011-03-23 14:55:00,2
12565,289,1,145.92,145.92,2011-02-24 10:34:00,2
12566,86,1,351.65,351.65,2011-09-14 14:30:00,2
12567,23,10,9401.28,940.128,2011-11-17 11:02:00,2
12569,2,32,4124.69,128.8965625,2011-12-07 16:24:00,2
12571,40,2,519.61,259.805,2011-10-31 10:19:00,2
12572,9,2,1020.42,510.21,2011-12-01 09:20:00,2
12573,227,1,160.54000000000002,160.54000000000002,2011-04-26 15:52:00,2
12574,316,1,218.45,218.45,2011-01-28 09:20:00,2
12576,36,5,1315.83,263.166,2011-11-04 10:11:00,2
12577,35,3,657.8,219.26666666666665,2011-11-04 13:24:00,2
12578,21,2,2794.51,1397.255,2011-11-18 13:30:00,2
12579,78,1,440.42,440.42,2011-09-22 17:15:00,2
12580,247,1,415.7,415.7,2011-04-07 10:24:00,2
12581,40,1,197.71,197.71,2011-10-31 08:56:00,2
12582,239,2,511.36,255.68,2011-04-15 08:45:00,2
12583,3,15,7281.38,485.42533333333336,2011-12-07 08:07:00,2
12584,4,9,2338.15,259.7944444444445,2011-12-06 09:35:00,2
12585,234,2,2040.1,1020.05,2011-04-19 13:39:00,2
12586,17,1,196.94000000000003,196.94000000000003,2011-11-22 16:24:00,2
12587,8,1,144.0,144.0,2011-12-02 12:47:00,2
12588,39,1,214.9,214.9,2011-10-31 15:01:00,2
12589,29,2,646.68,323.34,2011-11-11 10:19:00,2
12590,211,2,9864.26,4932.13,2011-05-12 14:52:00,2
12591,317,1,452.85,452.85,2011-01-26 14:35:00,2
12592,92,2,437.6,218.8,2011-09-08 15:04:00,2
12593,109,3,418.1,139.36666666666665,2011-08-23 12:43:00,2
12594,38,10,3338.2200000000003,333.822,2011-11-02 12:20:00,2
12596,51,2,618.27,309.135,2011-10-19 13:02:00,2
12597,19,4,3811.22,952.805,2011-11-20 13:33:00,2
12598,10,8,3023.08,377.885,2011-11-30 12:18:00,2
12599,29,7,1032.58,147.51142857142855,2011-11-10 13:34:00,2
12600,29,10,2599.04,259.904,2011-11-11 10:29:00,2
12601,190,5,577.0600000000001,115.412,2011-06-03 10:17:00,2
12602,59,1,153.12,153.12,2011-10-12 11:22:00,2
12603,22,1,739.1999999999999,739.1999999999999,2011-11-18 10:42:00,2
12604,79,2,254.18,127.09,2011-09-21 14:08:00,2
12607,60,1,1579.51,1579.51,2011-10-10 16:06:00,2
12609,78,3,1126.85,375.6166666666666,2011-09-22 16:34:00,2
12610,23,5,2099.54,419.908,2011-11-17 09:34:00,2
12611,52,1,1193.32,1193.32,2011-10-18 13:12:00,2
12612,74,1,704.0400000000001,704.0400000000001,2011-09-26 15:35:00,2
12613,57,5,3344.38,668.876,2011-10-13 14:59:00,2
12614,278,1,315.6,315.6,2011-03-07 10:22:00,2
12615,2,4,2291.19,572.7975,2011-12-07 15:02:00,2
12616,95,2,713.3,356.65,2011-09-05 15:17:00,2
12617,29,1,355.53,355.53,2011-11-10 14:39:00,2
12618,22,1,177.31,177.31,2011-11-18 11:10:00,2
12619,16,9,3641.24,404.5822222222222,2011-11-23 14:52:00,2
12620,15,3,1339.41,446.47,2011-11-25 10:20:00,2
12621,2,20,13689.67,684.4835,2011-12-08 11:25:00,2
12622,232,1,180.1,180.1,2011-04-21 16:39:00,2
12623,276,1,305.1,305.1,2011-03-08 13:50:00,2
12624,106,2,641.13,320.565,2011-08-25 15:04:00,2
12625,212,2,2683.82,1341.91,2011-05-12 09:54:00,2
12626,23,9,6620.48,735.6088888888888,2011-11-16 16:06:00,2
12627,11,7,4478.53,639.79,2011-11-29 12:07:00,2
12628,4,3,786.46,262.15333333333336,2011-12-05 13:15:00,2
12630,10,2,1270.88,635.44,2011-11-30 10:48:00,2
12631,57,1,640.5,640.5,2011-10-13 13:53:00,2
12633,59,4,2163.98,540.995,2011-10-12 11:40:00,2
12635,90,2,1689.18,844.59,2011-09-11 11:04:00,2
12637,67,8,6021.9,752.7375,2011-10-03 13:46:00,2
12638,33,1,671.69,671.69,2011-11-06 13:11:00,2
12639,239,1,486.1,486.1,2011-04-15 12:48:00,2
12640,24,3,1174.58,391.5266666666666,2011-11-16 11:52:00,2
12641,115,1,185.9,185.9,2011-08-16 13:26:00,2
12642,25,3,1013.26,337.75333333333333,2011-11-14 15:03:00,2
12643,128,6,3344.64,557.4399999999999,2011-08-03 12:56:00,2
12644,130,1,477.91,477.91,2011-08-02 10:33:00,2
12645,34,4,1775.18,443.795,2011-11-06 12:38:00,2
12646,5,2,1346.97,673.485,2011-12-05 10:14:00,2
12647,22,12,3722.82,310.235,2011-11-17 12:56:00,2
12648,155,1,318.05,318.05,2011-07-08 11:55:00,2
12649,107,3,623.51,207.83666666666667,2011-08-24 14:41:00,2
12650,3,1,314.44,314.44,2011-12-06 16:34:00,2
12651,335,1,114.0,114.0,2011-01-09 12:46:00,2
12652,331,1,919.98,919.98,2011-01-12 15:00:00,2
12653,149,2,2209.85,1104.925,2011-07-14 10:41:00,2
12654,11,5,601.98,120.396,2011-11-29 10:10:00,2
12656,17,5,4051.17,810.234,2011-11-22 13:42:00,2
12657,11,4,1643.18,410.795,2011-11-28 15:47:00,2
12658,19,1,686.05,686.05,2011-11-21 10:22:00,2
12659,30,1,91.68,91.68,2011-11-10 11:53:00,2
12660,11,1,245.1,245.1,2011-11-28 13:26:00,2
12662,1,11,3849.78,349.98,2011-12-09 11:59:00,2
12664,8,9,4881.88,542.4311111111111,2011-12-01 17:07:00,2
12665,325,1,63.0,63.0,2011-01-19 08:34:00,2
12667,58,1,620.13,620.13,2011-10-12 17:00:00,2
12668,12,4,3807.15,951.7875,2011-11-28 10:56:00,2
12669,151,3,2744.03,914.6766666666666,2011-07-12 09:54:00,2
12670,10,5,2996.05,599.21,2011-11-29 15:23:00,2
12672,330,1,225.9,225.9,2011-01-14 09:20:00,2
12673,5,2,610.52,305.26,2011-12-04 13:55:00,2
12674,39,4,1970.6,492.65,2011-11-01 12:12:00,2
12676,25,6,1331.39,221.8983333333333,2011-11-15 12:25:00,2
12678,42,12,17628.46,1469.0383333333332,2011-10-28 13:04:00,2
12679,59,4,1113.02,278.255,2011-10-12 12:30:00,2
12680,1,4,862.81,215.7025,2011-12-09 12:50:00,2
12681,15,22,13787.54,626.7063636363637,2011-11-25 11:33:00,2
12682,4,31,12288.22,396.3941935483871,2011-12-06 10:00:00,2
12683,4,15,8476.57,565.1046666666666,2011-12-05 16:31:00,2
12684,8,7,2283.63,326.23285714285714,2011-12-02 09:53:00,2
12685,28,6,2863.08,477.18,2011-11-11 13:46:00,2
12686,372,1,89.14,89.14,2010-12-03 09:51:00,2
12688,114,1,4873.81,4873.81,2011-08-18 08:49:00,2
12689,26,2,1247.61,623.805,2011-11-14 08:31:00,2
12690,206,1,389.01,389.01,2011-05-18 09:09:00,2
12691,28,6,1035.8,172.63333333333333,2011-11-11 16:49:00,2
12693,127,4,855.91,213.9775,2011-08-04 17:51:00,2
12694,70,2,869.67,434.835,2011-09-30 13:06:00,2
12695,7,4,582.1,145.525,2011-12-02 13:22:00,2
12697,29,3,957.59,319.19666666666666,2011-11-11 08:47:00,2
12700,8,4,4939.99,1234.9975,2011-12-02 10:47:00,2
12701,80,2,797.71,398.855,2011-09-21 10:47:00,2
12702,20,1,219.0,219.0,2011-11-20 10:36:00,2
12703,71,1,283.55,283.55,2011-09-29 17:52:00,2
12704,7,8,2340.84,292.605,2011-12-02 13:15:00,2
12705,15,9,6868.29,763.1433333333333,2011-11-24 13:17:00,2
12707,292,1,603.42,603.42,2011-02-21 08:38:00,2
12708,30,10,2712.91,271.291,2011-11-10 09:52:00,2
12709,15,15,9736.52,649.1013333333334,2011-11-24 15:38:00,2
12710,97,3,1149.02,383.00666666666666,2011-09-04 12:00:00,2
12712,29,13,4396.13,338.1638461538462,2011-11-11 08:19:00,2
12713,1,1,848.55,848.55,2011-12-09 12:16:00,2
12714,9,5,4708.86,941.772,2011-11-30 15:43:00,2
12715,106,1,353.86,353.86,2011-08-25 15:22:00,2
12716,4,2,1053.49,526.745,2011-12-06 08:55:00,2
12717,151,2,1030.98,515.49,2011-07-11 14:47:00,2
12718,71,1,238.25,238.25,2011-09-29 16:38:00,2
12719,5,2,644.95,322.475,2011-12-04 13:45:00,2
12720,3,25,5781.73,231.2692,2011-12-07 08:03:00,2
12721,32,6,2656.13,442.6883333333333,2011-11-08 12:13:00,2
12722,85,4,997.63,249.4075,2011-09-15 14:50:00,2
12723,4,5,725.07,145.014,2011-12-06 10:19:00,2
12724,5,4,1031.41,257.8525,2011-12-04 16:02:00,2
12725,371,1,427.8,427.8,2010-12-03 15:45:00,2
12726,28,7,2609.1,372.7285714285714,2011-11-11 13:35:00,2
12727,11,7,3980.7,568.6714285714286,2011-11-29 11:46:00,2
12728,71,4,836.33,209.0825,2011-09-29 15:31:00,2
12729,114,1,453.01,453.01,2011-08-18 11:40:00,2
12731,24,12,18895.91,1574.6591666666666,2011-11-16 11:59:00,2
12732,180,1,236.26,236.26,2011-06-13 11:33:00,2
12733,234,1,383.95,383.95,2011-04-19 16:19:00,2
12734,353,1,110.4,110.4,2010-12-22 12:47:00,2
12735,315,2,779.5699999999999,389.785,2011-01-28 13:37:00,2
12736,333,1,234.0,234.0,2011-01-11 07:57:00,2
12738,372,1,155.35,155.35,2010-12-02 18:27:00,2
12739,78,2,1013.04,506.52,2011-09-22 13:00:00,2
12740,64,1,427.6,427.6,2011-10-07 10:44:00,2
12743,134,2,546.43,273.215,2011-07-28 16:21:00,2
12744,52,7,21279.29,3039.898571428572,2011-10-19 11:18:00,2
12747,2,11,4196.01,381.4554545454546,2011-12-07 14:34:00,2
12748,1,209,33719.73,161.3384210526316,2011-12-09 12:20:00,2
12749,4,5,4090.88,818.176,2011-12-06 09:56:00,2
12750,129,1,275.88,275.88,2011-08-03 09:13:00,2
12752,81,1,4366.78,4366.78,2011-09-19 13:32:00,2
12753,23,6,21429.39,3571.565,2011-11-17 10:52:00,2
12754,236,3,3010.74,1003.58,2011-04-18 09:00:00,2
12755,281,2,3811.95,1905.975,2011-03-04 12:42:00,2
12756,87,1,112.07999999999998,112.07999999999998,2011-09-14 09:31:00,2
12757,16,13,7857.1,604.3923076923077,2011-11-24 12:30:00,2
12758,117,2,2791.59,1395.795,2011-08-15 10:22:00,2
12759,52,3,1531.44,510.48,2011-10-18 14:49:00,2
12762,8,2,1898.52,949.26,2011-12-02 10:23:00,2
12763,138,2,494.08,247.04,2011-07-24 14:12:00,2
12764,317,1,1693.88,1693.88,2011-01-27 10:19:00,2
12766,4,7,6989.63,998.5185714285716,2011-12-06 08:46:00,2
12769,239,1,1143.6,1143.6,2011-04-15 10:25:00,2
12770,211,1,1351.45,1351.45,2011-05-13 09:33:00,2
12772,60,1,892.47,892.47,2011-10-11 09:19:00,2
12775,17,5,1386.04,277.208,2011-11-22 16:33:00,2
12778,20,6,822.23,137.03833333333333,2011-11-20 11:30:00,2
12779,38,8,3981.36,497.67,2011-11-02 11:43:00,2
12781,64,2,826.74,413.37,2011-10-07 10:37:00,2
12782,5,5,2330.92,466.184,2011-12-05 09:16:00,2
12783,2,6,2225.91,370.985,2011-12-07 15:56:00,2
12784,9,2,574.42,287.21,2011-11-30 15:38:00,2
12785,364,1,311.95,311.95,2010-12-10 13:48:00,2
12787,10,3,463.66,154.55333333333334,2011-11-30 08:44:00,2
12789,65,1,91.85,91.85,2011-10-05 13:34:00,2
12790,192,1,324.92,324.92,2011-05-31 14:14:00,2
12791,374,1,192.6,192.6,2010-12-01 11:27:00,2
12792,257,1,400.54,400.54,2011-03-28 11:36:00,2
12793,335,2,545.48,272.74,2011-01-09 12:12:00,2
12794,53,2,860.41,430.205,2011-10-17 14:54:00,2
12795,19,1,430.48,430.48,2011-11-21 10:27:00,2
12797,366,1,254.03,254.03,2010-12-09 10:55:00,2
12798,10,3,6977.04,2325.68,2011-11-29 15:52:00,2
12802,187,1,427.58,427.58,2011-06-06 09:36:00,2
12808,37,3,483.65,161.21666666666667,2011-11-03 10:05:00,2
12809,178,1,489.31,489.31,2011-06-15 10:51:00,2
12811,261,3,514.85,171.61666666666667,2011-03-24 09:42:00,2
12812,45,1,229.64,229.64,2011-10-26 09:54:00,2
12814,102,1,125.92,125.92,2011-08-30 12:11:00,2
12815,148,2,1063.46,531.73,2011-07-15 10:21:00,2
12816,96,2,572.2,286.1,2011-09-05 12:41:00,2
12817,281,1,166.04,166.04,2011-03-03 16:28:00,2
12818,262,1,1542.08,1542.08,2011-03-23 12:06:00,2
12820,3,4,942.34,235.585,2011-12-06 15:12:00,2
12821,214,1,92.72,92.72,2011-05-09 15:51:00,2
12822,71,2,948.88,474.44,2011-09-30 10:04:00,2
12823,75,5,1759.5,351.9,2011-09-26 07:35:00,2
12824,60,1,397.12,397.12,2011-10-11 12:49:00,2
12826,3,7,1474.72,210.67428571428573,2011-12-07 10:25:00,2
12827,6,3,430.15,143.38333333333335,2011-12-04 12:17:00,2
12828,3,6,1018.71,169.785,2011-12-07 08:45:00,2
12829,337,2,293.0,146.5,2011-01-07 11:13:00,2
12830,38,6,6814.64,1135.7733333333333,2011-11-02 11:54:00,2
12831,262,1,215.05,215.05,2011-03-22 13:02:00,2
12832,32,2,383.03,191.515,2011-11-07 13:30:00,2
12833,145,1,417.38,417.38,2011-07-17 13:46:00,2
12834,283,1,312.38,312.38,2011-03-02 09:49:00,2
12836,59,4,2612.86,653.215,2011-10-11 15:10:00,2
12837,173,1,134.1,134.1,2011-06-19 16:07:00,2
12838,34,2,683.13,341.565,2011-11-06 12:20:00,2
12839,3,14,5591.42,399.38714285714286,2011-12-07 12:33:00,2
12840,144,4,2726.77,681.6925,2011-07-19 09:29:00,2
12841,5,25,4022.35,160.894,2011-12-05 11:13:00,2
12842,70,2,1118.99,559.495,2011-09-30 15:33:00,2
12843,66,8,1702.26,212.7825,2011-10-05 12:09:00,2
12844,29,2,325.96000000000004,162.98000000000002,2011-11-10 13:31:00,2
12845,267,4,354.09,88.5225,2011-03-17 13:34:00,2
12847,22,1,871.54,871.54,2011-11-17 13:16:00,2
12849,31,2,1050.89,525.4449999999999,2011-11-08 13:41:00,2
12851,97,1,135.18,135.18,2011-09-04 12:41:00,2
12852,295,1,311.55,311.55,2011-02-18 08:47:00,2
12853,135,6,1957.1,326.18333333333334,2011-07-28 11:29:00,2
12854,79,3,1324.5,441.5,2011-09-22 12:15:00,2
12855,373,1,38.1,38.1,2010-12-02 09:37:00,2
12856,8,6,2179.93,363.32166666666666,2011-12-02 10:52:00,2
12857,211,2,1106.4,553.2,2011-05-13 10:20:00,2
12863,52,1,521.2,521.2,2011-10-18 14:15:00,2
12864,138,1,147.12,147.12,2011-07-24 13:03:00,2
12865,26,2,1568.23,784.115,2011-11-13 14:31:00,2
12866,283,1,559.12,559.12,2011-03-01 14:11:00,2
12867,26,7,4036.82,576.6885714285714,2011-11-13 15:30:00,2
12868,186,6,1607.0600000000002,267.84333333333336,2011-06-07 10:42:00,2
12871,84,2,380.64,190.32,2011-09-16 15:07:00,2
12872,327,2,599.97,299.985,2011-01-17 10:52:00,2
12873,282,1,374.0,374.0,2011-03-02 14:58:00,2
12875,143,2,343.2300000000001,171.61500000000004,2011-07-19 15:30:00,2
12876,58,2,2218.02,1109.01,2011-10-13 12:26:00,2
12877,4,12,1535.77,127.98083333333334,2011-12-06 10:30:00,2
12878,236,2,854.99,427.495,2011-04-17 13:07:00,2
12879,45,3,573.22,191.07333333333332,2011-10-26 12:24:00,2
12881,276,1,298.0,298.0,2011-03-09 11:44:00,2
12882,9,2,1463.04,731.52,2011-11-30 16:18:00,2
12883,25,4,703.47,175.8675,2011-11-15 09:32:00,2
12884,88,1,309.05,309.05,2011-09-12 13:10:00,2
12885,63,3,1175.22,391.74,2011-10-07 13:40:00,2
12886,68,2,1378.4,689.2,2011-10-03 10:09:00,2
12888,214,2,354.12,177.06,2011-05-09 16:02:00,2
12890,24,1,380.47,380.47,2011-11-15 17:26:00,2
12891,186,3,331.0,110.33333333333331,2011-06-07 12:31:00,2
12893,31,1,188.14,188.14,2011-11-09 12:34:00,2
12895,42,2,372.8,186.4,2011-10-28 13:51:00,2
12897,205,2,216.5,108.25,2011-05-19 12:13:00,2
12901,9,28,17654.54,630.5192857142857,2011-12-01 10:07:00,2
12902,265,1,138.68,138.68,2011-03-20 12:06:00,2
12904,18,2,509.58,254.79,2011-11-21 14:34:00,2
12906,12,5,2919.81,583.962,2011-11-28 09:55:00,2
12908,176,2,750.0,375.0,2011-06-16 15:39:00,2
12909,40,5,2178.67,435.734,2011-10-31 12:43:00,2
12910,23,8,3075.04,384.38,2011-11-16 14:28:00,2
12912,3,5,1662.3,332.46,2011-12-07 08:55:00,2
12913,5,5,2483.63,496.726,2011-12-05 12:11:00,2
12915,149,2,363.65,181.825,2011-07-14 11:34:00,2
12916,139,4,3006.15,751.5375,2011-07-24 10:35:00,2
12917,128,1,594.0,594.0,2011-08-03 16:42:00,2
12919,8,6,1335.19,222.53166666666667,2011-12-01 13:47:00,2
12920,17,1,164.23,164.23,2011-11-22 15:05:00,2
12921,9,37,16587.09,448.2997297297297,2011-11-30 16:22:00,2
12922,161,1,405.38,405.38,2011-07-01 15:35:00,2
12923,64,1,176.97,176.97,2011-10-06 16:20:00,2
12924,88,4,933.7,233.425,2011-09-12 13:55:00,2
12925,5,2,694.05,347.025,2011-12-05 11:11:00,2
12928,35,5,2062.7000000000003,412.5400000000001,2011-11-04 14:24:00,2
12929,312,1,117.85,117.85,2011-02-01 12:08:00,2
12930,78,2,415.8,207.9,2011-09-22 15:18:00,2
12931,22,15,42055.96,2803.730666666667,2011-11-18 12:39:00,2
12933,24,3,607.53,202.51,2011-11-15 16:38:00,2
12935,2,7,2160.7,308.6714285714285,2011-12-07 17:25:00,2
12936,17,4,1063.9,265.975,2011-11-22 17:32:00,2
12937,15,4,1504.27,376.0675,2011-11-24 15:05:00,2
12938,26,1,114.14,114.14,2011-11-14 11:21:00,2
12939,64,8,11581.8,1447.725,2011-10-06 14:33:00,2
12940,55,2,913.54,456.77,2011-10-16 12:09:00,2
12942,131,3,683.9,227.96666666666667,2011-07-31 14:39:00,2
12944,36,2,604.51,302.255,2011-11-04 11:04:00,2
12945,288,1,462.95,462.95,2011-02-24 14:15:00,2
12947,144,6,1603.99,267.33166666666665,2011-07-19 10:06:00,2
12948,16,7,2064.95,294.99285714285713,2011-11-23 17:10:00,2
12949,31,8,4167.22,520.9025,2011-11-09 11:25:00,2
12950,2,3,1843.0,614.3333333333334,2011-12-07 13:17:00,2
12951,9,6,1064.07,177.345,2011-12-01 12:14:00,2
12952,6,4,1387.79,346.9475,2011-12-04 10:35:00,2
12953,10,1,329.85,329.85,2011-11-30 09:24:00,2
12955,1,11,4757.16,432.4690909090909,2011-12-08 16:29:00,2
12956,306,1,108.07,108.07,2011-02-06 16:08:00,2
12957,10,8,4017.54,502.1925,2011-11-30 09:53:00,2
12962,7,2,266.39,133.195,2011-12-02 15:55:00,2
12963,8,8,1856.63,232.07875,2011-12-01 12:55:00,2
12965,89,1,771.91,771.91,2011-09-11 15:31:00,2
12966,10,1,160.18,160.18,2011-11-30 12:38:00,2
12967,358,2,1660.9,830.45,2010-12-16 19:10:00,2
12968,112,1,135.95,135.95,2011-08-19 15:44:00,2
12970,7,4,452.24,113.06,2011-12-02 14:30:00,2
12971,4,86,11189.91,130.11523255813952,2011-12-06 12:20:00,2
12974,198,1,144.8,144.8,2011-05-26 09:33:00,2
12976,212,1,738.6,738.6,2011-05-12 09:55:00,2
12977,156,1,39.24,39.24,2011-07-06 16:40:00,2
12980,158,9,7374.900000000001,819.4333333333334,2011-07-05 09:34:00,2
12981,30,2,372.22,186.11,2011-11-10 12:00:00,2
12982,243,1,390.54,390.54,2011-04-11 11:51:00,2
12984,19,1,97.5,97.5,2011-11-21 12:37:00,2
12985,1,2,1239.38,619.69,2011-12-09 10:46:00,2
12987,74,2,558.7,279.35,2011-09-27 12:03:00,2
12988,292,1,535.32,535.32,2011-02-20 14:31:00,2
12989,3,15,6924.110000000001,461.6073333333334,2011-12-06 15:28:00,2
12990,31,3,409.5,136.5,2011-11-08 13:01:00,2
12991,23,2,503.76,251.88,2011-11-16 15:34:00,2
12993,23,4,414.76,103.69,2011-11-16 15:49:00,2
12994,4,3,974.42,324.8066666666667,2011-12-05 15:43:00,2
12995,85,1,211.32,211.32,2011-09-15 15:44:00,2
12997,22,4,1226.89,306.7225,2011-11-17 15:47:00,2
12999,196,3,455.88,151.96,2011-05-27 13:24:00,2
13000,107,3,534.85,178.28333333333333,2011-08-25 10:43:00,2
13001,4,13,9818.82,755.2938461538462,2011-12-05 14:51:00,2
13002,318,1,120.95,120.95,2011-01-25 15:18:00,2
13003,106,3,149.05,49.68333333333334,2011-08-26 10:50:00,2
13004,12,18,5655.91,314.21722222222223,2011-11-28 11:27:00,2
13005,174,2,513.7,256.85,2011-06-19 10:53:00,2
13006,56,1,81.57,81.57,2011-10-14 13:49:00,2
13008,323,1,229.47,229.47,2011-01-20 14:24:00,2
13011,372,1,50.55,50.55,2010-12-02 17:22:00,2
13012,9,8,1661.84,207.73,2011-11-30 13:05:00,2
13013,1,13,4810.9400000000005,370.0723076923077,2011-12-08 15:01:00,2
13014,11,10,3466.28,346.628,2011-11-29 12:27:00,2
13015,53,5,3346.28,669.2560000000001,2011-10-17 13:19:00,2
13016,73,3,789.89,263.2966666666667,2011-09-27 14:08:00,2
13017,7,1,204.0,204.0,2011-12-02 15:53:00,2
13018,16,28,7277.7,259.91785714285714,2011-11-23 13:28:00,2
13021,4,9,2616.38,290.7088888888889,2011-12-05 16:37:00,2
13023,64,2,689.9,344.95,2011-10-06 16:27:00,2
13026,1,5,975.36,195.072,2011-12-08 16:58:00,2
13027,114,6,6912.0,1152.0,2011-08-18 09:39:00,2
13028,23,2,661.3199999999999,330.66,2011-11-17 11:10:00,2
13029,31,3,1247.5,415.8333333333333,2011-11-09 09:13:00,2
13030,11,2,799.48,399.74,2011-11-28 14:30:00,2
13032,52,2,1010.18,505.09,2011-10-18 15:54:00,2
13033,357,1,190.55,190.55,2010-12-17 14:23:00,2
13034,55,2,642.77,321.385,2011-10-16 12:21:00,2
13035,74,2,921.88,460.94,2011-09-27 08:57:00,2
13037,138,3,881.07,293.69,2011-07-24 15:46:00,2
13038,80,3,908.46,302.82,2011-09-20 14:37:00,2
13040,9,2,676.99,338.495,2011-12-01 10:38:00,2
13043,273,1,516.42,516.42,2011-03-11 14:52:00,2
13044,291,1,560.47,560.47,2011-02-21 15:20:00,2
13045,99,1,305.28000000000003,305.28000000000003,2011-09-01 15:04:00,2
13046,31,2,629.31,314.655,2011-11-09 08:36:00,2
13047,32,10,3237.54,323.754,2011-11-08 12:06:00,2
13048,14,4,1835.91,458.9775,2011-11-25 13:23:00,2
13049,64,2,656.6800000000001,328.34000000000003,2011-10-06 15:31:00,2
13050,15,17,5836.86,343.3447058823529,2011-11-25 09:18:00,2
13052,212,1,348.15000000000003,348.15000000000003,2011-05-11 14:12:00,2
13055,78,3,1214.41,404.8033333333333,2011-09-22 14:26:00,2
13058,25,3,271.40000000000003,90.46666666666668,2011-11-15 12:43:00,2
13059,250,1,183.4,183.4,2011-04-04 10:40:00,2
13060,254,1,307.53,307.53,2011-03-31 11:37:00,2
13061,72,1,248.61,248.61,2011-09-28 16:04:00,2
13062,191,1,346.98,346.98,2011-06-01 15:12:00,2
13064,13,4,1119.49,279.8725,2011-11-27 12:31:00,2
13065,373,1,205.86,205.86,2010-12-01 16:52:00,2
13066,24,2,470.8,235.4,2011-11-15 12:57:00,2
13067,82,1,115.46,115.46,2011-09-18 13:38:00,2
13068,10,2,344.0,172.0,2011-11-29 15:00:00,2
13069,1,24,4436.12,184.8383333333333,2011-12-09 08:39:00,2
13070,192,1,228.8,228.8,2011-05-31 13:45:00,2
13072,267,1,177.15,177.15,2011-03-18 08:12:00,2
13075,130,1,919.61,919.61,2011-08-02 10:19:00,2
13077,1,4,729.27,182.3175,2011-12-08 19:24:00,2
13078,3,26,12627.94,485.69,2011-12-06 15:36:00,2
13079,4,5,220.1,44.02,2011-12-05 16:53:00,2
13080,179,1,58.08,58.08,2011-06-13 14:59:00,2
13081,12,11,28337.38,2576.1254545454544,2011-11-28 10:54:00,2
13082,126,9,3613.63,401.5144444444445,2011-08-05 16:16:00,2
13083,4,2,303.75,151.875,2011-12-05 15:01:00,2
13085,158,2,416.08,208.04,2011-07-05 12:11:00,2
13089,3,97,58825.83,606.4518556701031,2011-12-07 09:02:00,2
13090,9,14,8910.82,636.4871428571429,2011-12-01 12:39:00,2
13091,28,1,345.82,345.82,2011-11-11 15:54:00,2
13092,71,5,477.83,95.566,2011-09-30 11:18:00,2
13093,276,8,7832.47,979.05875,2011-03-09 12:14:00,2
13094,21,12,1927.32,160.61,2011-11-18 14:07:00,2
13095,71,1,74.39999999999999,74.39999999999999,2011-09-30 12:03:00,2
13097,33,10,6010.42,601.042,2011-11-07 10:43:00,2
13098,1,28,28882.44,1031.5157142857142,2011-12-08 14:14:00,2
13099,99,1,207.36,207.36,2011-09-01 17:40:00,2
13101,234,1,101.19,101.19,2011-04-19 14:37:00,2
13102,1,24,6424.09,267.67041666666665,2011-12-08 12:52:00,2
13103,40,1,243.94,243.94,2011-10-31 09:38:00,2
13104,3,6,1098.48,183.08,2011-12-06 13:10:00,2
13106,133,1,76.5,76.5,2011-07-29 15:12:00,2
13107,44,4,1531.62,382.905,2011-10-26 14:52:00,2
13108,373,1,350.06,350.06,2010-12-02 10:35:00,2
13109,60,2,786.54,393.27,2011-10-11 10:16:00,2
13110,31,7,1488.67,212.6671428571429,2011-11-08 14:30:00,2
13113,1,24,12245.96,510.2483333333334,2011-12-09 12:49:00,2
13115,12,4,2294.78,573.695,2011-11-28 12:38:00,2
13116,138,1,501.14,501.14,2011-07-24 14:33:00,2
13117,22,8,984.91,123.11375,2011-11-18 12:02:00,2
13118,20,5,1197.81,239.562,2011-11-20 12:46:00,2
13120,239,1,30.6,30.6,2011-04-15 10:19:00,2
13121,269,1,283.73,283.73,2011-03-15 16:47:00,2
13122,94,2,922.39,461.195,2011-09-06 15:53:00,2
13124,90,3,3866.33,1288.7766666666666,2011-09-11 12:45:00,2
13126,5,8,2099.64,262.455,2011-12-05 10:00:00,2
13127,78,1,259.17,259.17,2011-09-23 10:26:00,2
13130,94,1,64.0,64.0,2011-09-06 15:30:00,2
13131,23,3,1073.3,357.76666666666665,2011-11-16 13:21:00,2
13132,262,1,77.3,77.3,2011-03-23 12:44:00,2
13133,274,2,109.8,54.9,2011-03-11 10:31:00,2
13134,86,4,1793.58,448.395,2011-09-15 10:35:00,2
13135,197,1,3096.0,3096.0,2011-05-27 10:52:00,2
13136,56,5,2607.61,521.522,2011-10-14 13:41:00,2
13137,11,8,3650.41,456.30125,2011-11-29 12:09:00,2
13138,22,6,962.39,160.39833333333334,2011-11-17 16:51:00,2
13139,16,7,5064.94,723.5628571428571,2011-11-23 13:54:00,2
13140,108,3,423.72,141.24,2011-08-23 15:33:00,2
13141,85,5,2388.75,477.75,2011-09-16 09:54:00,2
13142,19,1,307.09,307.09,2011-11-20 16:07:00,2
13144,333,1,110.95,110.95,2011-01-11 11:15:00,2
13145,40,4,618.52,154.63,2011-10-31 12:45:00,2
13146,26,1,228.91,228.91,2011-11-13 15:29:00,2
13147,10,4,712.8000000000001,178.20000000000002,2011-11-29 13:59:00,2
13148,29,12,3707.12,308.9266666666667,2011-11-10 15:23:00,2
13149,14,4,1676.06,419.015,2011-11-25 13:09:00,2
13151,296,1,1257.87,1257.87,2011-02-17 12:29:00,2
13153,6,1,486.22,486.22,2011-12-04 12:14:00,2
13155,33,4,971.76,242.94,2011-11-06 15:41:00,2
13157,49,4,1741.22,435.305,2011-10-21 13:50:00,2
13158,95,4,1201.06,300.265,2011-09-06 11:58:00,2
13159,9,4,1437.85,359.4625,2011-12-01 11:20:00,2
13160,22,1,91.8,91.8,2011-11-17 13:07:00,2
13161,313,1,112.75,112.75,2011-01-30 14:03:00,2
13162,122,4,1688.29,422.0725,2011-08-09 15:59:00,2
13165,46,2,1021.48,510.74,2011-10-24 15:05:00,2
13166,283,1,417.2,417.2,2011-03-01 15:16:00,2
13167,19,4,791.33,197.8325,2011-11-21 12:24:00,2
13168,36,4,1319.19,329.7975,2011-11-03 12:56:00,2
13169,64,2,712.88,356.44,2011-10-07 12:11:00,2
13170,27,1,116.01,116.01,2011-11-13 12:19:00,2
13171,22,3,468.41,156.13666666666668,2011-11-18 10:27:00,2
13173,4,2,353.65,176.825,2011-12-05 15:51:00,2
13174,16,3,2817.03,939.01,2011-11-23 14:35:00,2
13176,46,1,492.84,492.84,2011-10-24 15:43:00,2
13177,65,1,282.45,282.45,2011-10-06 09:56:00,2
13178,26,11,5725.47,520.4972727272727,2011-11-13 16:14:00,2
13182,45,1,121.18,121.18,2011-10-25 13:46:00,2
13183,8,9,3957.78,439.7533333333333,2011-12-02 10:30:00,2
13184,15,10,1701.29,170.129,2011-11-25 12:02:00,2
13185,268,1,71.4,71.4,2011-03-17 11:56:00,2
13186,40,3,1575.89,525.2966666666667,2011-10-31 11:40:00,2
13187,337,1,236.02,236.02,2011-01-06 18:57:00,2
13188,11,1,114.6,114.6,2011-11-28 15:28:00,2
13189,19,2,260.68,130.34,2011-11-21 10:39:00,2
13192,95,2,911.94,455.97,2011-09-05 14:13:00,2
13193,61,1,117.88,117.88,2011-10-09 14:30:00,2
13194,136,1,60.7,60.7,2011-07-27 09:01:00,2
13196,11,4,1797.78,449.445,2011-11-28 13:54:00,2
13198,10,6,3401.24,566.8733333333333,2011-11-29 15:17:00,2
13199,4,38,9817.12,258.34526315789475,2011-12-06 12:30:00,2
13200,19,4,870.09,217.5225,2011-11-20 15:35:00,2
13203,10,4,869.46,217.365,2011-11-30 10:45:00,2
13207,15,2,250.26,125.13,2011-11-24 14:52:00,2
13208,59,6,1223.9,203.98333333333332,2011-10-12 09:54:00,2
13209,30,8,5891.61,736.45125,2011-11-09 13:54:00,2
13210,94,1,353.48,353.48,2011-09-07 08:18:00,2
13211,10,3,1197.42,399.14,2011-11-29 14:43:00,2
13212,20,3,788.08,262.6933333333333,2011-11-20 12:40:00,2
13213,57,5,1520.58,304.116,2011-10-14 11:42:00,2
13216,268,1,333.74,333.74,2011-03-17 12:18:00,2
13217,122,3,533.98,177.99333333333334,2011-08-09 15:32:00,2
13218,127,1,62.63999999999999,62.63999999999999,2011-08-04 16:59:00,2
13220,78,4,819.2900000000001,204.8225,2011-09-22 13:38:00,2
13221,240,2,847.41,423.705,2011-04-13 16:58:00,2
13223,200,2,163.20000000000002,81.60000000000001,2011-05-23 13:03:00,2
13224,60,2,2155.95,1077.975,2011-10-10 14:55:00,2
13225,3,7,6463.84,923.4057142857145,2011-12-06 13:29:00,2
13226,273,1,108.21,108.21,2011-03-11 14:35:00,2
13227,202,1,257.7,257.7,2011-05-22 11:47:00,2
13228,81,1,358.0,358.0,2011-09-19 14:28:00,2
13229,226,1,160.95,160.95,2011-04-28 12:07:00,2
13230,4,14,2806.97,200.49785714285716,2011-12-05 16:03:00,2
13232,13,7,1357.6,193.94285714285712,2011-11-27 10:39:00,2
13233,74,2,605.12,302.56,2011-09-26 13:25:00,2
13235,212,1,1031.07,1031.07,2011-05-11 17:13:00,2
13236,25,2,744.85,372.425,2011-11-15 12:50:00,2
13238,17,4,700.73,175.1825,2011-11-22 15:37:00,2
13239,262,1,329.56,329.56,2011-03-23 10:25:00,2
13240,96,4,663.65,165.9125,2011-09-04 14:08:00,2
13242,112,3,270.40000000000003,90.13333333333334,2011-08-19 12:53:00,2
13243,203,1,600.07,600.07,2011-05-20 13:14:00,2
13244,93,1,121.74,121.74,2011-09-08 11:46:00,2
13245,51,1,430.5,430.5,2011-10-20 11:40:00,2
13246,18,6,1987.3,331.21666666666664,2011-11-21 16:50:00,2
13247,18,4,501.12,125.28,2011-11-22 10:59:00,2
13248,125,2,465.68,232.84,2011-08-07 12:40:00,2
13249,92,3,711.41,237.13666666666663,2011-09-08 13:26:00,2
13253,157,2,1030.4,515.2,2011-07-06 10:09:00,2
13255,9,2,399.51,199.755,2011-11-30 13:14:00,2
13258,12,3,698.58,232.86,2011-11-28 09:31:00,2
13259,62,1,292.32,292.32,2011-10-09 10:48:00,2
13260,61,1,557.62,557.62,2011-10-09 13:21:00,2
13261,269,2,944.1,472.05,2011-03-16 12:22:00,2
13262,263,1,200.29,200.29,2011-03-21 15:06:00,2
13263,1,35,7454.07,212.97342857142857,2011-12-08 13:59:00,2
13265,53,5,2107.66,421.532,2011-10-17 15:02:00,2
13266,11,12,3834.26,319.52166666666665,2011-11-28 14:39:00,2
13267,3,19,4521.49,237.97315789473683,2011-12-07 11:12:00,2
13268,18,11,3214.69,292.24454545454546,2011-11-22 11:51:00,2
13269,1,15,5346.2300000000005,356.41533333333336,2011-12-08 14:53:00,2
13270,366,1,590.0,590.0,2010-12-08 14:53:00,2
13271,37,1,217.38,217.38,2011-11-02 14:31:00,2
13272,31,2,276.56,138.28,2011-11-08 14:00:00,2
13273,113,1,138.98,138.98,2011-08-18 14:02:00,2
13276,64,2,590.9300000000001,295.46500000000003,2011-10-07 12:44:00,2
13277,16,4,258.4,64.6,2011-11-24 09:21:00,2
13278,41,1,542.73,542.73,2011-10-30 11:49:00,2
13279,78,1,137.75,137.75,2011-09-22 17:24:00,2
13280,122,3,814.86,271.62,2011-08-09 13:14:00,2
13282,18,3,1132.14,377.38000000000005,2011-11-21 15:33:00,2
13283,60,2,93.66,46.83,2011-10-11 09:50:00,2
13284,331,1,201.19,201.19,2011-01-13 09:23:00,2
13285,23,4,2709.12,677.28,2011-11-16 13:19:00,2
13291,156,1,361.11,361.11,2011-07-07 10:36:00,2
13292,39,2,578.9399999999999,289.47,2011-11-01 10:04:00,2
13294,190,2,873.74,436.87,2011-06-03 08:54:00,2
13295,360,1,201.2,201.2,2010-12-15 11:21:00,2
13296,137,1,87.4,87.4,2011-07-25 13:46:00,2
13297,8,4,2089.85,522.4625,2011-12-02 09:32:00,2
13298,1,1,360.0,360.0,2011-12-08 13:11:00,2
13299,268,1,142.5,142.5,2011-03-16 12:55:00,2
13300,169,1,371.89,371.89,2011-06-23 13:09:00,2
13301,104,4,618.09,154.5225,2011-08-28 11:25:00,2
13302,155,1,63.75,63.75,2011-07-07 17:56:00,2
13304,351,1,300.42,300.42,2010-12-23 14:35:00,2
13305,4,10,2000.86,200.086,2011-12-05 15:15:00,2
13307,120,1,15.0,15.0,2011-08-11 17:14:00,2
13308,23,3,1385.51,461.8366666666666,2011-11-17 09:31:00,2
13309,7,5,1456.79,291.358,2011-12-02 16:34:00,2
13310,28,3,1132.03,377.3433333333333,2011-11-11 17:23:00,2
13311,4,2,598.57,299.285,2011-12-05 12:55:00,2
13313,22,5,1555.32,311.064,2011-11-17 16:48:00,2
13314,2,3,775.94,258.6466666666667,2011-12-08 12:29:00,2
13316,37,4,5977.7300000000005,1494.4325,2011-11-02 13:40:00,2
13317,66,6,2273.68,378.94666666666666,2011-10-04 13:35:00,2
13318,1,3,640.76,213.58666666666667,2011-12-08 18:51:00,2
13319,5,26,10845.55,417.1365384615385,2011-12-04 13:34:00,2
13320,78,4,1548.7,387.175,2011-09-22 18:07:00,2
13321,72,2,567.36,283.68,2011-09-28 15:24:00,2
13322,17,1,199.48,199.48,2011-11-22 14:21:00,2
13323,3,5,787.85,157.57,2011-12-06 17:12:00,2
13324,36,10,7121.95,712.1949999999999,2011-11-03 16:28:00,2
13325,82,1,675.3,675.3,2011-09-19 10:36:00,2
13327,39,8,3627.77,453.47125,2011-11-01 10:21:00,2
13328,316,1,1308.48,1308.48,2011-01-27 15:22:00,2
13329,32,2,789.0,394.5,2011-11-08 10:29:00,2
13330,93,3,1140.93,380.31,2011-09-08 12:27:00,2
13332,14,1,350.9,350.9,2011-11-25 13:30:00,2
13334,82,3,3536.82,1178.94,2011-09-18 15:21:00,2
13336,77,1,795.12,795.12,2011-09-23 14:05:00,2
13338,158,1,487.02,487.02,2011-07-05 09:06:00,2
13339,201,1,860.12,860.12,2011-05-23 08:31:00,2
13340,45,7,10736.48,1533.782857142857,2011-10-25 13:15:00,2
13341,261,1,775.85,775.85,2011-03-24 09:50:00,2
13343,178,1,353.43,353.43,2011-06-15 12:24:00,2
13344,68,3,2543.72,847.9066666666666,2011-10-03 09:45:00,2
13345,288,1,389.5,389.5,2011-02-25 09:01:00,2
13347,70,1,341.36,341.36,2011-09-30 13:28:00,2
13348,64,1,233.76,233.76,2011-10-06 17:28:00,2
13349,11,1,247.32,247.32,2011-11-29 08:07:00,2
13350,16,2,979.12,489.56,2011-11-23 16:33:00,2
13351,66,1,373.94,373.94,2011-10-04 12:55:00,2
13352,60,1,397.98,397.98,2011-10-10 13:55:00,2
13354,71,1,743.53,743.53,2011-09-29 13:17:00,2
13355,122,1,674.7,674.7,2011-08-09 14:48:00,2
13356,80,1,768.24,768.24,2011-09-20 14:33:00,2
13357,257,1,609.95,609.95,2011-03-27 13:56:00,2
13358,269,1,439.03,439.03,2011-03-16 11:52:00,2
13359,64,1,439.56,439.56,2011-10-07 09:30:00,2
13362,9,4,3090.74,772.6850000000001,2011-11-30 14:41:00,2
13363,18,2,992.5,496.25,2011-11-22 12:40:00,2
13364,71,1,134.95999999999998,134.95999999999998,2011-09-29 18:13:00,2
13365,34,2,2225.37,1112.685,2011-11-06 12:36:00,2
13366,50,1,56.16,56.16,2011-10-20 13:37:00,2
13368,257,2,623.4,311.7,2011-03-28 09:59:00,2
13369,366,1,308.28000000000003,308.28000000000003,2010-12-09 11:30:00,2
13370,372,1,754.87,754.87,2010-12-03 10:26:00,2
13372,90,1,378.64,378.64,2011-09-11 12:46:00,2
13373,61,3,3312.25,1104.0833333333333,2011-10-10 10:51:00,2
13375,89,1,778.65,778.65,2011-09-12 10:19:00,2
13376,99,3,1019.76,339.92,2011-09-01 16:16:00,2
13379,26,3,572.56,190.85333333333327,2011-11-13 13:45:00,2
13381,32,6,3639.31,606.5516666666666,2011-11-08 11:58:00,2
13382,281,1,222.99,222.99,2011-03-04 10:03:00,2
13384,31,7,4151.93,593.1328571428572,2011-11-09 11:04:00,2
13385,330,1,534.57,534.57,2011-01-14 09:52:00,2
13388,131,2,677.1,338.55,2011-07-31 12:52:00,2
13389,11,3,797.96,265.9866666666667,2011-11-28 14:01:00,2
13390,75,1,544.08,544.08,2011-09-26 08:38:00,2
13391,204,1,59.8,59.8,2011-05-20 10:50:00,2
13394,2,8,2520.02,315.0025,2011-12-08 11:36:00,2
13395,185,1,307.72,307.72,2011-06-07 15:04:00,2
13396,29,2,1360.99,680.495,2011-11-10 16:59:00,2
13397,73,5,1544.13,308.826,2011-09-28 10:56:00,2
13398,192,1,457.34,457.34,2011-05-31 13:17:00,2
13402,127,2,621.23,310.615,2011-08-04 15:51:00,2
13403,18,1,75.0,75.0,2011-11-22 08:28:00,2
13404,1,2,252.49,126.245,2011-12-08 15:37:00,2
13405,74,3,572.451,190.817,2011-09-26 17:01:00,2
13408,2,62,28117.04,453.5006451612903,2011-12-08 09:05:00,2
13410,24,5,1003.06,200.612,2011-11-15 15:33:00,2
13411,107,1,213.55,213.55,2011-08-24 13:57:00,2
13414,134,3,1390.5,463.5,2011-07-29 11:45:00,2
13416,44,2,712.5,356.25,2011-10-27 08:56:00,2
13417,5,2,640.83,320.415,2011-12-05 08:49:00,2
13418,12,18,6127.43,340.4127777777778,2011-11-28 10:23:00,2
13419,64,1,221.06,221.06,2011-10-07 12:49:00,2
13420,150,2,159.85,79.925,2011-07-13 08:48:00,2
13421,40,2,1851.08,925.54,2011-10-30 14:21:00,2
13422,64,1,2626.3,2626.3,2011-10-06 13:42:00,2
13425,108,3,1624.21,541.4033333333333,2011-08-23 17:13:00,2
13426,1,10,3641.32,364.132,2011-12-09 08:59:00,2
13427,19,3,582.6,194.2,2011-11-20 13:02:00,2
13428,10,1,218.47,218.47,2011-11-29 14:20:00,2
13429,11,4,1006.8,251.7,2011-11-29 09:10:00,2
13430,19,2,679.45,339.725,2011-11-21 08:19:00,2
13431,67,2,1269.1,634.55,2011-10-03 13:49:00,2
13434,74,2,534.24,267.12,2011-09-26 14:30:00,2
13435,5,7,3809.89,544.2700000000001,2011-12-04 14:45:00,2
13436,2,1,196.89,196.89,2011-12-08 10:33:00,2
13437,14,7,3408.06,486.8657142857143,2011-11-25 14:00:00,2
13439,255,1,283.71,283.71,2011-03-29 14:20:00,2
13441,92,1,296.64,296.64,2011-09-09 09:38:00,2
13447,23,3,1129.14,376.38000000000005,2011-11-16 13:38:00,2
13448,17,6,3539.37,589.895,2011-11-23 12:33:00,2
13449,24,1,291.88,291.88,2011-11-16 08:28:00,2
13450,27,6,2043.72,340.61999999999995,2011-11-13 11:54:00,2
13451,26,5,2976.15,595.23,2011-11-13 15:58:00,2
13452,259,2,590.0,295.0,2011-03-25 14:19:00,2
13453,166,2,356.98,178.48999999999998,2011-06-27 09:34:00,2
13455,25,2,1058.34,529.17,2011-11-15 11:21:00,2
13456,18,6,1766.72,294.4533333333333,2011-11-22 09:18:00,2
13458,7,14,9646.57,689.0407142857142,2011-12-02 15:29:00,2
13460,29,2,183.44,91.72,2011-11-10 17:17:00,2
13461,39,3,1445.0,481.6666666666667,2011-11-01 09:01:00,2
13462,253,1,151.5,151.5,2011-04-01 11:20:00,2
13464,58,1,674.68,674.68,2011-10-12 15:01:00,2
13466,184,1,307.9,307.9,2011-06-08 16:39:00,2
13467,11,2,1083.71,541.855,2011-11-29 10:01:00,2
13468,2,37,5704.97,154.1883783783784,2011-12-08 10:39:00,2
13470,99,2,165.0,82.5,2011-09-01 14:57:00,2
13471,1,4,2531.58,632.895,2011-12-08 15:44:00,2
13473,61,2,422.64,211.32,2011-10-10 11:20:00,2
13474,236,1,229.59,229.59,2011-04-17 13:53:00,2
13475,191,4,1431.78,357.945,2011-06-01 13:52:00,2
13476,179,2,1238.47,619.235,2011-06-14 12:00:00,2
13477,38,6,1454.58,242.43,2011-11-02 12:04:00,2
13479,201,2,300.95,150.475,2011-05-23 10:45:00,2
13481,46,5,1804.56,360.912,2011-10-25 09:07:00,2
13482,232,1,184.64,184.64,2011-04-21 17:03:00,2
13483,66,1,140.34,140.34,2011-10-05 11:53:00,2
13484,241,1,313.8,313.8,2011-04-12 16:30:00,2
13485,233,1,454.24,454.24,2011-04-20 13:58:00,2
13486,78,3,1122.41,374.1366666666667,2011-09-22 13:13:00,2
13487,58,3,575.4,191.8,2011-10-13 12:07:00,2
13488,17,13,8968.31,689.87,2011-11-22 14:41:00,2
13489,105,4,449.52,112.38,2011-08-26 13:16:00,2
13491,52,10,1215.82,121.582,2011-10-19 08:32:00,2
13492,136,3,1269.84,423.28,2011-07-26 14:25:00,2
13493,275,2,618.63,309.315,2011-03-09 15:35:00,2
13494,312,1,316.26000000000005,316.26000000000005,2011-02-01 11:58:00,2
13495,8,5,2044.87,408.9740000000001,2011-12-02 11:21:00,2
13496,11,2,653.33,326.665,2011-11-29 10:58:00,2
13497,283,2,348.05,174.025,2011-03-02 09:04:00,2
13499,18,5,1159.11,231.822,2011-11-22 11:21:00,2
13500,23,3,1166.77,388.92333333333335,2011-11-16 15:35:00,2
13501,288,1,1340.32,1340.32,2011-02-24 18:59:00,2
13502,17,3,292.0,97.33333333333331,2011-11-23 10:39:00,2
13503,71,1,216.85,216.85,2011-09-29 13:23:00,2
13504,64,1,295.93,295.93,2011-10-06 13:20:00,2
13505,73,4,4393.63,1098.4075,2011-09-28 11:56:00,2
13506,316,2,458.52,229.26,2011-01-27 13:53:00,2
13507,3,4,2479.16,619.79,2011-12-06 13:13:00,2
13508,244,1,110.97,110.97,2011-04-10 11:58:00,2
13509,9,7,979.72,139.96,2011-12-01 10:10:00,2
13510,1,4,1791.56,447.89,2011-12-08 13:46:00,2
13512,261,1,251.21,251.21,2011-03-24 10:03:00,2
13513,127,1,205.1,205.1,2011-08-05 11:50:00,2
13514,74,1,152.20000000000002,152.20000000000002,2011-09-27 09:39:00,2
13515,73,4,891.12,222.78,2011-09-28 11:26:00,2
13516,21,3,1389.41,463.1366666666667,2011-11-18 13:15:00,2
13517,60,3,2128.42,709.4733333333334,2011-10-11 11:43:00,2
13518,86,1,659.4399999999999,659.4399999999999,2011-09-15 10:29:00,2
13519,78,1,122.75,122.75,2011-09-22 18:24:00,2
13520,59,6,3624.35,604.0583333333333,2011-10-12 10:20:00,2
13521,1,3,1093.65,364.55,2011-12-08 13:50:00,2
13522,30,1,125.8,125.8,2011-11-09 15:11:00,2
13523,33,5,3964.88,792.976,2011-11-06 15:11:00,2
13524,41,5,680.1800000000001,136.036,2011-10-30 12:34:00,2
13525,15,2,628.78,314.39,2011-11-25 12:01:00,2
13527,34,7,2287.51,326.7871428571429,2011-11-06 12:04:00,2
13529,79,2,307.76,153.88,2011-09-22 09:15:00,2
13531,205,2,483.8,241.9,2011-05-18 16:56:00,2
13532,34,1,210.31,210.31,2011-11-06 12:25:00,2
13533,183,3,270.79,90.26333333333334,2011-06-10 11:54:00,2
13534,2,25,5870.08,234.8032,2011-12-07 14:52:00,2
13536,1,7,3448.29,492.61285714285714,2011-12-08 16:38:00,2
13538,43,7,1280.85,182.97857142857143,2011-10-27 16:34:00,2
13539,86,3,631.34,210.4466666666667,2011-09-15 10:18:00,2
13544,40,2,291.41,145.705,2011-10-31 11:57:00,2
13546,12,3,626.99,208.99666666666667,2011-11-27 14:50:00,2
13548,96,2,682.41,341.205,2011-09-04 14:50:00,2
13549,26,7,918.2,131.17142857142858,2011-11-14 09:20:00,2
13551,319,1,91.8,91.8,2011-01-24 14:46:00,2
13552,66,12,3740.07,311.6725,2011-10-04 15:19:00,2
13555,74,4,4149.28,1037.32,2011-09-27 12:36:00,2
13557,28,2,584.06,292.03,2011-11-11 15:24:00,2
13558,6,4,605.06,151.265,2011-12-04 11:24:00,2
13560,7,1,174.37,174.37,2011-12-02 13:11:00,2
13561,216,1,141.86,141.86,2011-05-08 12:39:00,2
13562,82,3,1799.33,599.7766666666666,2011-09-19 10:51:00,2
13563,84,2,777.53,388.765,2011-09-16 14:45:00,2
13564,144,3,1749.02,583.0066666666667,2011-07-18 14:33:00,2
13565,19,2,240.22,120.11,2011-11-20 14:33:00,2
13566,41,2,874.71,437.355,2011-10-30 11:59:00,2
13568,173,1,192.85,192.85,2011-06-19 14:42:00,2
13569,17,2,373.75,186.875,2011-11-22 13:07:00,2
13570,243,1,239.49,239.49,2011-04-10 13:36:00,2
13571,13,12,2092.32,174.36,2011-11-27 10:47:00,2
13572,206,1,1384.25,1384.25,2011-05-18 11:59:00,2
13573,50,2,294.4,147.2,2011-10-20 14:33:00,2
13575,23,5,732.0699999999999,146.414,2011-11-16 13:14:00,2
13576,10,18,6717.34,373.18555555555554,2011-11-29 15:34:00,2
13577,25,4,1687.6,421.9,2011-11-14 15:19:00,2
13579,15,2,467.04,233.52,2011-11-25 08:41:00,2
13581,309,1,118.0,118.0,2011-02-03 14:41:00,2
13583,156,1,781.03,781.03,2011-07-07 10:40:00,2
13584,307,1,142.4,142.4,2011-02-06 12:49:00,2
13587,64,1,712.4,712.4,2011-10-07 12:31:00,2
13588,16,9,2478.95,275.43888888888887,2011-11-24 10:42:00,2
13589,15,2,379.65,189.825,2011-11-25 12:10:00,2
13590,11,6,1981.92,330.32,2011-11-28 12:54:00,2
13591,65,3,1117.13,372.3766666666667,2011-10-06 12:26:00,2
13592,36,4,247.96,61.99,2011-11-04 09:49:00,2
13593,108,5,2037.08,407.41600000000005,2011-08-23 13:35:00,2
13594,53,1,396.97,396.97,2011-10-18 10:19:00,2
13596,6,2,697.04,348.52,2011-12-04 12:01:00,2
13598,47,1,180.17,180.17,2011-10-23 14:28:00,2
13599,1,21,5153.67,245.41285714285715,2011-12-08 16:10:00,2
13600,312,1,219.52,219.52,2011-01-31 15:27:00,2
13601,45,2,693.32,346.66,2011-10-25 17:31:00,2
13602,65,1,428.89,428.89,2011-10-06 11:47:00,2
13603,26,1,164.34,164.34,2011-11-13 15:57:00,2
13606,29,3,280.54,93.51333333333332,2011-11-10 17:46:00,2
13607,40,1,678.01,678.01,2011-10-30 16:17:00,2
13610,12,7,1131.88,161.69714285714286,2011-11-27 15:38:00,2
13611,89,3,1171.8,390.6,2011-09-11 14:51:00,2
13614,24,4,1610.46,402.615,2011-11-15 14:47:00,2
13615,319,1,417.69,417.69,2011-01-25 08:21:00,2
13617,40,3,544.18,181.3933333333333,2011-10-30 13:50:00,2
13618,174,1,177.34,177.34,2011-06-19 11:09:00,2
13621,117,1,213.85,213.85,2011-08-15 08:26:00,2
13623,31,5,747.78,149.55599999999998,2011-11-09 12:00:00,2
13626,253,1,257.23,257.23,2011-04-01 10:05:00,2
13627,59,5,1638.47,327.694,2011-10-11 14:20:00,2
13629,23,11,7792.36,708.3963636363636,2011-11-16 13:21:00,2
13630,5,7,2031.78,290.2542857142857,2011-12-04 15:16:00,2
13631,100,11,3070.42,279.1290909090909,2011-09-01 09:57:00,2
13632,25,5,2121.27,424.254,2011-11-15 10:51:00,2
13634,33,5,1575.16,315.03200000000004,2011-11-06 13:40:00,2
13635,68,1,1071.03,1071.03,2011-10-03 10:55:00,2
13636,37,5,949.12,189.824,2011-11-03 10:30:00,2
13637,52,3,810.5,270.1666666666667,2011-10-18 13:32:00,2
13638,16,1,122.64,122.64,2011-11-24 10:38:00,2
13639,74,1,1033.34,1033.34,2011-09-26 13:36:00,2
13642,216,1,354.8,354.8,2011-05-08 12:34:00,2
13643,31,3,519.44,173.14666666666668,2011-11-08 15:37:00,2
13644,16,4,2624.26,656.065,2011-11-23 14:07:00,2
13645,120,1,252.1,252.1,2011-08-11 16:11:00,2
13647,10,4,1678.12,419.53,2011-11-30 12:00:00,2
13649,257,2,346.6,173.3,2011-03-28 11:51:00,2
13650,17,6,1836.34,306.0566666666667,2011-11-23 12:22:00,2
13651,35,2,94.2,47.1,2011-11-04 14:59:00,2
13652,46,3,1095.08,365.0266666666666,2011-10-25 08:51:00,2
13654,43,6,2707.33,451.2216666666666,2011-10-27 16:24:00,2
13655,114,2,932.97,466.485,2011-08-17 14:25:00,2
13656,165,2,379.65,189.825,2011-06-28 10:31:00,2
13657,11,2,382.14,191.07,2011-11-29 12:32:00,2
13658,10,5,2639.17,527.8340000000001,2011-11-30 10:13:00,2
13659,206,2,1573.2,786.6,2011-05-18 12:37:00,2
13662,86,3,897.76,299.25333333333333,2011-09-15 12:04:00,2
13663,179,1,189.47,189.47,2011-06-13 15:44:00,2
13666,60,3,84.65,28.21666666666667,2011-10-10 15:39:00,2
13667,149,1,305.02,305.02,2011-07-13 15:42:00,2
13668,3,21,6363.59,303.02809523809526,2011-12-07 12:11:00,2
13669,51,2,218.55,109.275,2011-10-20 09:32:00,2
13670,75,1,349.7,349.7,2011-09-25 15:25:00,2
13672,301,2,186.39,93.195,2011-02-11 13:53:00,2
13673,19,2,396.92,198.46,2011-11-21 12:11:00,2
13675,151,2,486.8200000000001,243.41000000000005,2011-07-11 12:57:00,2
13678,152,1,232.6,232.6,2011-07-11 10:14:00,2
13680,1,4,3722.42,930.605,2011-12-08 13:47:00,2
13681,18,4,827.83,206.9575,2011-11-22 11:13:00,2
13682,187,1,59.5,59.5,2011-06-05 14:06:00,2
13684,286,1,67.23,67.23,2011-02-27 10:13:00,2
13685,3,7,3119.44,445.63428571428574,2011-12-07 11:41:00,2
13686,183,1,72.0,72.0,2011-06-10 09:10:00,2
13689,63,1,910.0,910.0,2011-10-07 13:21:00,2
13690,59,1,172.25,172.25,2011-10-11 15:03:00,2
13692,25,3,1488.32,496.1066666666666,2011-11-15 11:17:00,2
13694,4,50,65039.62,1300.7924,2011-12-06 09:32:00,2
13695,31,15,2504.13,166.942,2011-11-08 14:26:00,2
13697,39,1,151.29999999999998,151.29999999999998,2011-11-01 09:14:00,2
13699,155,1,308.58000000000004,308.58000000000004,2011-07-07 16:51:00,2
13700,26,10,2265.12,226.512,2011-11-13 13:00:00,2
13703,318,1,99.5,99.5,2011-01-25 13:10:00,2
13704,5,9,2308.06,256.4511111111111,2011-12-04 15:13:00,2
13705,8,3,711.86,237.28666666666663,2011-12-02 12:32:00,2
13706,303,1,330.79,330.79,2011-02-10 09:21:00,2
13707,267,2,806.41,403.205,2011-03-17 18:03:00,2
13708,271,1,296.88,296.88,2011-03-13 13:46:00,2
13709,4,13,6328.05,486.7730769230769,2011-12-06 10:28:00,2
13710,32,1,180.48,180.48,2011-11-08 08:16:00,2
13711,219,2,252.06,126.03,2011-05-05 10:31:00,2
13712,247,1,228.84,228.84,2011-04-07 12:33:00,2
13715,281,5,1079.34,215.868,2011-03-03 19:21:00,2
13716,269,1,138.28,138.28,2011-03-15 13:49:00,2
13717,32,6,1445.01,240.835,2011-11-07 14:13:00,2
13718,246,2,306.55,153.275,2011-04-07 13:24:00,2
13719,15,5,1041.68,208.336,2011-11-24 15:26:00,2
13720,117,4,799.9,199.975,2011-08-15 12:46:00,2
13721,36,1,524.14,524.14,2011-11-03 14:05:00,2
13722,132,3,2375.41,791.8033333333333,2011-07-31 12:44:00,2
13723,217,1,199.85,199.85,2011-05-06 17:04:00,2
13725,50,8,1980.56,247.57,2011-10-21 10:03:00,2
13726,39,2,1079.66,539.8299999999999,2011-11-01 10:49:00,2
13727,29,2,333.48,166.74,2011-11-11 09:46:00,2
13728,37,6,1016.14,169.35666666666663,2011-11-03 10:49:00,2
13730,136,2,752.6,376.3,2011-07-27 08:35:00,2
13731,219,2,610.59,305.295,2011-05-04 14:33:00,2
13732,28,1,491.86,491.86,2011-11-11 15:49:00,2
13735,25,4,2885.24,721.3100000000001,2011-11-15 11:14:00,2
13736,5,2,731.9,365.95,2011-12-04 15:19:00,2
13737,200,1,339.6,339.6,2011-05-23 16:32:00,2
13739,18,1,216.9,216.9,2011-11-21 13:35:00,2
13740,241,1,350.75,350.75,2011-04-13 10:32:00,2
13741,72,3,668.4300000000001,222.81000000000003,2011-09-29 09:19:00,2
13742,17,12,3131.02,260.9183333333333,2011-11-23 11:07:00,2
13743,3,7,1341.6,191.65714285714284,2011-12-07 10:09:00,2
13744,95,2,1156.36,578.18,2011-09-05 15:19:00,2
13745,162,1,300.04,300.04,2011-06-30 16:43:00,2
13747,374,1,79.6,79.6,2010-12-01 10:37:00,2
13748,96,5,948.25,189.65,2011-09-05 09:45:00,2
13750,54,5,1647.26,329.452,2011-10-17 12:16:00,2
13751,288,1,296.25,296.25,2011-02-24 15:56:00,2
13752,124,6,1186.28,197.7133333333333,2011-08-07 14:16:00,2
13753,288,1,741.26,741.26,2011-02-25 12:48:00,2
13754,152,2,282.6,141.29999999999998,2011-07-11 11:51:00,2
13755,4,9,2161.35,240.15,2011-12-06 12:26:00,2
13756,2,14,5189.52,370.68,2011-12-07 16:44:00,2
13758,12,7,3190.55,455.79285714285714,2011-11-28 11:11:00,2
13759,33,2,659.4100000000001,329.70500000000004,2011-11-06 14:47:00,2
13760,54,2,286.79,143.395,2011-10-16 16:13:00,2
13761,50,2,1070.65,535.325,2011-10-20 14:01:00,2
13762,219,1,306.72,306.72,2011-05-05 09:15:00,2
13763,63,1,1714.96,1714.96,2011-10-07 15:13:00,2
13764,71,3,1521.76,507.2533333333333,2011-09-30 12:03:00,2
13767,2,37,17220.36,465.41513513513513,2011-12-07 15:00:00,2
13769,2,10,2796.51,279.651,2011-12-07 15:08:00,2
13771,64,4,2634.45,658.6125,2011-10-06 14:18:00,2
13772,34,3,1132.13,377.3766666666667,2011-11-06 11:43:00,2
13774,82,1,345.0,345.0,2011-09-19 12:06:00,2
13777,1,33,25977.16,787.1866666666666,2011-12-09 12:25:00,2
13778,103,1,178.7,178.7,2011-08-28 15:25:00,2
13780,7,2,360.01,180.005,2011-12-02 13:49:00,2
13781,251,1,127.84,127.84,2011-04-03 12:08:00,2
13782,13,6,912.0,152.0,2011-11-27 11:54:00,2
13784,10,11,2462.79,223.89,2011-11-30 09:33:00,2
13786,367,1,230.4,230.4,2010-12-07 13:53:00,2
13787,76,2,309.04,154.52,2011-09-25 12:06:00,2
13790,4,1,348.8,348.8,2011-12-05 15:48:00,2
13791,128,2,1516.0,758.0,2011-08-04 11:44:00,2
13792,66,2,195.55,97.775,2011-10-04 14:31:00,2
13798,1,57,37153.85,651.8219298245614,2011-12-08 15:51:00,2
13799,117,2,688.86,344.43,2011-08-15 12:07:00,2
13800,310,1,558.32,558.32,2011-02-03 12:27:00,2
13801,67,1,324.8,324.8,2011-10-04 10:15:00,2
13802,139,3,4599.42,1533.14,2011-07-24 10:54:00,2
13803,255,1,277.07,277.07,2011-03-29 12:57:00,2
13804,31,7,2635.79,376.5414285714286,2011-11-09 12:32:00,2
13805,52,2,924.6,462.3,2011-10-18 14:50:00,2
13806,64,1,256.38,256.38,2011-10-07 11:43:00,2
13807,367,1,112.6,112.6,2010-12-07 15:48:00,2
13808,6,5,1747.66,349.53200000000004,2011-12-04 12:18:00,2
13809,305,1,155.05,155.05,2011-02-07 13:15:00,2
13810,29,3,1499.01,499.67,2011-11-11 08:33:00,2
13811,184,3,814.5,271.5,2011-06-09 09:54:00,2
13812,42,3,539.0,179.66666666666666,2011-10-28 14:27:00,2
13813,40,4,1366.86,341.71500000000003,2011-10-31 10:38:00,2
13814,92,2,1579.12,789.56,2011-09-08 13:48:00,2
13815,22,4,4027.36,1006.84,2011-11-17 14:19:00,2
13816,24,2,571.6700000000001,285.83500000000004,2011-11-16 08:38:00,2
13817,29,2,382.98,191.49,2011-11-10 17:49:00,2
13819,302,3,1140.35,380.1166666666666,2011-02-11 10:38:00,2
13821,145,2,385.64,192.82,2011-07-18 09:49:00,2
13822,6,2,632.0,316.0,2011-12-04 12:13:00,2
13823,19,2,957.66,478.83,2011-11-21 10:22:00,2
13824,33,5,1698.94,339.788,2011-11-07 12:41:00,2
13826,176,1,189.5,189.5,2011-06-16 13:48:00,2
13827,58,3,412.05,137.35,2011-10-13 12:38:00,2
13828,22,1,209.49,209.49,2011-11-17 16:02:00,2
13831,16,6,2202.99,367.165,2011-11-23 15:41:00,2
13832,19,1,52.2,52.2,2011-11-20 15:36:00,2
13833,159,1,384.8,384.8,2011-07-03 13:27:00,2
13835,25,4,834.57,208.6425,2011-11-14 15:37:00,2
13837,212,2,271.24,135.62,2011-05-12 12:10:00,2
13838,6,4,691.73,172.9325,2011-12-04 11:00:00,2
13841,253,1,85.0,85.0,2011-04-01 12:10:00,2
13842,59,9,3385.62,376.18,2011-10-12 10:51:00,2
13844,11,1,361.62,361.62,2011-11-28 13:21:00,2
13845,65,1,312.98,312.98,2011-10-06 08:25:00,2
13846,25,3,865.0600000000001,288.3533333333333,2011-11-15 12:07:00,2
13848,92,3,1255.0,418.3333333333333,2011-09-08 12:58:00,2
13849,52,2,1537.95,768.975,2011-10-19 10:59:00,2
13850,129,1,1595.48,1595.48,2011-08-02 14:04:00,2
13851,96,3,2651.46,883.82,2011-09-05 12:36:00,2
13853,57,1,1090.14,1090.14,2011-10-13 14:18:00,2
13854,9,25,8109.519999999999,324.3808,2011-12-01 09:06:00,2
13856,169,3,388.5,129.5,2011-06-24 10:03:00,2
13858,57,1,216.17,216.17,2011-10-13 16:17:00,2
13859,326,1,201.16,201.16,2011-01-17 16:14:00,2
13860,1,5,1245.9,249.18,2011-12-08 12:57:00,2
13862,18,8,2209.36,276.17,2011-11-21 16:24:00,2
13863,248,1,305.78,305.78,2011-04-06 10:20:00,2
13865,58,4,501.56,125.39,2011-10-12 13:31:00,2
13866,74,1,145.67000000000002,145.67000000000002,2011-09-26 14:54:00,2
13867,31,3,1015.29,338.43,2011-11-08 15:48:00,2
13868,7,2,3192.54,1596.27,2011-12-02 16:32:00,2
13869,123,4,3104.95,776.2375,2011-08-08 13:53:00,2
13870,2,8,2770.94,346.3675,2011-12-07 13:23:00,2
13871,23,13,6403.25,492.5576923076923,2011-11-17 10:49:00,2
13873,120,3,389.6,129.86666666666667,2011-08-12 10:08:00,2
13874,358,1,540.45,540.45,2010-12-16 18:20:00,2
13875,54,5,1786.79,357.358,2011-10-17 09:36:00,2
13876,64,1,122.7,122.7,2011-10-07 10:22:00,2
13877,86,1,117.24,117.24,2011-09-14 15:49:00,2
13878,55,1,1281.53,1281.53,2011-10-16 12:19:00,2
13880,21,13,3219.77,247.67461538461535,2011-11-18 13:44:00,2
13881,4,20,17159.52,857.976,2011-12-06 12:50:00,2
13882,3,5,1191.13,238.22600000000003,2011-12-07 11:16:00,2
13883,11,5,2674.48,534.896,2011-11-29 10:45:00,2
13884,7,5,787.6,157.52,2011-12-02 16:30:00,2
13885,189,2,506.8,253.4,2011-06-03 15:07:00,2
13886,71,1,243.56,243.56,2011-09-29 13:17:00,2
13887,204,1,349.55,349.55,2011-05-19 17:22:00,2
13888,120,2,605.63,302.815,2011-08-12 10:13:00,2
13889,93,1,416.9,416.9,2011-09-08 09:13:00,2
13890,1,10,1883.81,188.38100000000003,2011-12-08 15:36:00,2
13892,27,4,632.97,158.2425,2011-11-13 11:50:00,2
13893,298,1,821.1,821.1,2011-02-15 11:30:00,2
13894,24,3,564.62,188.20666666666668,2011-11-16 09:44:00,2
13895,28,4,2593.07,648.2675,2011-11-11 16:57:00,2
13897,50,1,311.16,311.16,2011-10-20 14:30:00,2
13898,326,1,155.93,155.93,2011-01-18 10:28:00,2
13899,16,2,388.52,194.26,2011-11-23 13:40:00,2
13900,183,3,740.95,246.98333333333332,2011-06-09 19:26:00,2
13901,72,5,2867.2,573.4399999999999,2011-09-28 14:48:00,2
13904,37,2,332.64,166.32,2011-11-02 13:41:00,2
13908,80,4,2369.55,592.3875,2011-09-21 11:49:00,2
13911,57,9,2580.91,286.7677777777778,2011-10-13 15:43:00,2
13914,12,2,626.45,313.225,2011-11-28 10:35:00,2
13917,50,2,272.04,136.02,2011-10-21 09:56:00,2
13918,50,2,1212.84,606.4200000000001,2011-10-21 12:25:00,2
13919,59,2,384.81,192.405,2011-10-11 14:24:00,2
13922,352,1,172.25,172.25,2010-12-23 10:38:00,2
13923,54,1,351.13,351.13,2011-10-17 12:33:00,2
13924,2,6,1838.85,306.475,2011-12-08 09:39:00,2
13925,93,4,678.25,169.5625,2011-09-08 12:47:00,2
13926,23,1,223.85,223.85,2011-11-16 13:16:00,2
13927,75,1,348.99,348.99,2011-09-26 12:00:00,2
13928,11,4,464.57,116.1425,2011-11-29 10:33:00,2
13929,169,2,842.65,421.325,2011-06-23 15:26:00,2
13930,58,2,337.34,168.67,2011-10-13 09:45:00,2
13931,96,2,1237.53,618.765,2011-09-05 10:12:00,2
13932,295,1,307.4,307.4,2011-02-18 12:02:00,2
13933,109,2,608.7900000000001,304.39500000000004,2011-08-22 14:03:00,2
13934,264,1,922.1,922.1,2011-03-21 08:39:00,2
13936,180,1,376.58,376.58,2011-06-13 08:47:00,2
13937,169,1,158.85,158.85,2011-06-23 16:35:00,2
13938,35,1,71.66,71.66,2011-11-04 14:37:00,2
13939,23,3,568.55,189.51666666666665,2011-11-16 13:33:00,2
13940,17,4,839.14,209.785,2011-11-22 15:15:00,2
13941,22,5,5112.96,1022.592,2011-11-18 09:43:00,2
13946,79,3,561.5699999999999,187.19,2011-09-21 13:33:00,2
13947,65,1,90.6,90.6,2011-10-05 14:42:00,2
13948,361,1,102.0,102.0,2010-12-14 10:18:00,2
13949,3,6,2427.32,404.5533333333333,2011-12-07 09:35:00,2
13950,11,4,745.06,186.265,2011-11-28 14:44:00,2
13951,176,3,674.45,224.8166666666667,2011-06-16 16:43:00,2
13952,218,2,3251.071,1625.5355,2011-05-06 09:00:00,2
13953,7,7,3515.68,502.24,2011-12-02 16:04:00,2
13954,2,2,439.92,219.96,2011-12-08 12:50:00,2
13955,154,2,322.96,161.48,2011-07-08 17:19:00,2
13956,5,5,1026.42,205.284,2011-12-04 13:20:00,2
13959,79,3,598.2,199.4,2011-09-21 15:06:00,2
13960,21,2,230.22,115.11,2011-11-18 15:27:00,2
13962,22,2,169.55,84.775,2011-11-18 08:47:00,2
13963,308,4,664.54,166.135,2011-02-04 14:43:00,2
13967,146,1,80.7,80.7,2011-07-17 12:02:00,2
13969,7,18,9053.94,502.9966666666666,2011-12-02 15:11:00,2
13971,19,8,2758.26,344.7825,2011-11-21 12:06:00,2
13972,71,2,190.25,95.125,2011-09-30 11:54:00,2
13973,287,1,264.7,264.7,2011-02-25 15:21:00,2
13974,49,1,413.59,413.59,2011-10-21 14:41:00,2
13975,31,6,2526.28,421.0466666666667,2011-11-08 13:19:00,2
13976,207,1,357.98,357.98,2011-05-17 09:13:00,2
13978,15,2,196.79,98.395,2011-11-25 11:36:00,2
13979,73,1,869.87,869.87,2011-09-27 13:32:00,2
13980,60,1,200.14,200.14,2011-10-10 13:34:00,2
13982,39,4,1871.81,467.9525,2011-10-31 16:24:00,2
13983,30,12,2603.43,216.9525,2011-11-10 11:06:00,2
13984,27,5,920.51,184.102,2011-11-13 12:38:00,2
13985,4,15,7060.13,470.67533333333336,2011-12-05 17:06:00,2
13986,17,1,320.46,320.46,2011-11-22 15:00:00,2
13988,20,6,4147.96,691.3266666666667,2011-11-20 10:15:00,2
13989,66,2,1266.08,633.04,2011-10-05 09:47:00,2
13990,213,1,311.3,311.3,2011-05-10 15:19:00,2
13991,12,6,855.97,142.66166666666666,2011-11-27 16:18:00,2
13992,30,1,76.8,76.8,2011-11-09 15:23:00,2
13993,43,9,3466.36,385.1511111111111,2011-10-28 09:06:00,2
13994,4,6,2313.14,385.5233333333333,2011-12-06 11:05:00,2
13995,15,5,1393.69,278.738,2011-11-24 14:22:00,2
13999,10,12,3901.81,325.1508333333333,2011-11-29 13:40:00,2
14000,211,1,635.66,635.66,2011-05-12 16:50:00,2
14001,46,3,2043.08,681.0266666666668,2011-10-25 10:31:00,2
14002,134,2,529.73,264.865,2011-07-28 15:55:00,2
14004,43,7,4582.64,654.6628571428572,2011-10-27 14:40:00,2
14005,10,5,2874.72,574.944,2011-11-30 12:41:00,2
14006,116,3,962.19,320.73,2011-08-16 09:39:00,2
14009,198,2,695.61,347.805,2011-05-25 15:47:00,2
14012,278,1,328.8,328.8,2011-03-07 12:26:00,2
14013,110,3,473.02,157.67333333333332,2011-08-21 15:01:00,2
14014,77,1,505.18,505.18,2011-09-23 13:18:00,2
14015,53,1,917.34,917.34,2011-10-18 10:02:00,2
14016,162,4,4341.21,1085.3025,2011-07-01 11:29:00,2
14019,47,3,1421.61,473.87,2011-10-24 10:13:00,2
14020,17,2,642.8,321.4,2011-11-23 09:22:00,2
14021,155,3,631.9,210.63333333333333,2011-07-07 15:46:00,2
14022,225,1,440.0,440.0,2011-04-28 14:39:00,2
14023,7,2,584.07,292.035,2011-12-02 13:58:00,2
14024,122,2,327.7,163.85,2011-08-10 11:30:00,2
14027,61,1,104.82,104.82,2011-10-10 09:01:00,2
14029,63,2,467.66,233.83,2011-10-07 14:46:00,2
14030,18,8,2360.09,295.01125,2011-11-21 16:48:00,2
14031,7,19,17286.86,909.8347368421051,2011-12-02 17:13:00,2
14032,2,11,2975.59,270.5081818181818,2011-12-07 15:23:00,2
14034,22,3,651.8199999999999,217.2733333333333,2011-11-17 14:02:00,2
14035,29,5,1428.02,285.604,2011-11-11 10:03:00,2
14036,285,1,626.65,626.65,2011-02-28 09:26:00,2
14037,176,2,147.20000000000002,73.60000000000001,2011-06-16 13:57:00,2
14038,78,3,1560.38,520.1266666666667,2011-09-22 13:37:00,2
14039,33,1,152.2,152.2,2011-11-06 13:48:00,2
14040,41,12,3614.92,301.24333333333334,2011-10-30 12:42:00,2
14041,266,1,141.41,141.41,2011-03-18 13:25:00,2
14044,27,4,652.82,163.205,2011-11-13 12:05:00,2
14045,109,4,1659.75,414.9375,2011-08-22 15:27:00,2
14046,284,1,154.99,154.99,2011-02-28 14:48:00,2
14047,9,5,1308.61,261.72200000000004,2011-12-01 11:43:00,2
14048,305,1,409.93,409.93,2011-02-07 14:53:00,2
14049,17,4,5681.72,1420.43,2011-11-23 12:20:00,2
14050,32,2,746.36,373.18,2011-11-08 10:00:00,2
14051,1,23,15610.39,678.7126086956522,2011-12-09 10:20:00,2
14052,20,1,225.36,225.36,2011-11-20 12:30:00,2
14053,124,2,260.25,130.125,2011-08-07 14:27:00,2
14054,65,1,92.46,92.46,2011-10-05 15:49:00,2
14055,106,1,725.6400000000001,725.6400000000001,2011-08-25 15:04:00,2
14056,1,23,8214.65,357.1586956521739,2011-12-08 13:36:00,2
14057,24,17,6217.96,365.76235294117646,2011-11-16 10:32:00,2
14059,267,1,183.6,183.6,2011-03-18 10:06:00,2
14060,5,19,6140.42,323.18,2011-12-05 12:29:00,2
14062,10,12,10464.85,872.0708333333333,2011-11-30 10:04:00,2
14064,29,5,1353.74,270.748,2011-11-10 13:14:00,2
14066,267,1,152.55,152.55,2011-03-18 12:21:00,2
14067,64,2,374.7,187.35,2011-10-07 10:21:00,2
14068,320,1,265.85,265.85,2011-01-23 16:02:00,2
14071,4,8,1438.82,179.8525,2011-12-06 12:27:00,2
14073,32,1,151.04,151.04,2011-11-07 15:49:00,2
14075,5,3,942.26,314.08666666666664,2011-12-05 08:38:00,2
14076,129,1,122.47,122.47,2011-08-02 15:19:00,2
14077,41,5,499.42,99.884,2011-10-30 12:35:00,2
14078,102,6,1049.37,174.89499999999998,2011-08-30 12:16:00,2
14079,125,1,375.1,375.1,2011-08-07 12:10:00,2
14080,33,1,45.6,45.6,2011-11-07 11:09:00,2
14081,302,2,934.52,467.26,2011-02-10 16:17:00,2
14082,365,1,182.25,182.25,2010-12-10 11:02:00,2
14083,4,9,1018.43,113.15888888888888,2011-12-05 13:14:00,2
14085,2,18,4448.54,247.14111111111112,2011-12-07 13:46:00,2
14087,3,1,194.42,194.42,2011-12-07 12:41:00,2
14088,10,13,50491.81,3883.9853846153846,2011-11-29 16:16:00,2
14089,57,1,161.0,161.0,2011-10-14 10:38:00,2
14090,325,1,76.32000000000001,76.32000000000001,2011-01-19 10:51:00,2
14092,8,14,4076.91,291.2078571428571,2011-12-02 12:13:00,2
14093,12,1,442.85,442.85,2011-11-27 16:27:00,2
14096,4,17,65164.79,3833.222941176471,2011-12-05 17:17:00,2
14098,37,1,147.35,147.35,2011-11-03 10:13:00,2
14099,16,11,3104.17,282.1972727272727,2011-11-23 13:53:00,2
14100,138,1,194.9,194.9,2011-07-25 11:01:00,2
14101,74,6,5976.79,996.1316666666668,2011-09-27 12:28:00,2
14102,5,5,1360.28,272.056,2011-12-04 15:38:00,2
14104,155,2,216.21,108.105,2011-07-08 12:50:00,2
14105,239,1,1266.23,1266.23,2011-04-14 17:58:00,2
14107,52,7,2703.23,386.1757142857143,2011-10-19 12:12:00,2
14108,31,2,597.91,298.955,2011-11-09 10:41:00,2
14109,73,1,144.2,144.2,2011-09-28 10:18:00,2
14110,4,12,5683.15,473.5958333333333,2011-12-06 12:26:00,2
14111,14,4,692.85,173.2125,2011-11-25 13:44:00,2
14112,23,7,2915.15,416.45,2011-11-17 12:30:00,2
14113,4,4,1840.42,460.105,2011-12-06 12:18:00,2
14114,274,2,386.53,193.265,2011-03-11 09:42:00,2
14116,20,5,1382.74,276.548,2011-11-20 10:29:00,2
14117,144,1,90.0,90.0,2011-07-19 09:49:00,2
14121,4,4,2780.15,695.0375,2011-12-06 12:19:00,2
14124,84,1,419.58,419.58,2011-09-16 13:32:00,2
14125,11,3,2740.43,913.4766666666666,2011-11-29 12:47:00,2
14126,8,3,706.1300000000001,235.3766666666667,2011-12-02 11:45:00,2
14127,123,3,709.71,236.57,2011-08-09 10:49:00,2
14128,61,2,637.5,318.75,2011-10-10 12:00:00,2
14129,2,5,1123.86,224.772,2011-12-08 11:02:00,2
14130,319,1,483.86,483.86,2011-01-24 16:05:00,2
14132,2,11,3586.03,326.00272727272727,2011-12-07 13:35:00,2
14133,130,3,605.64,201.88,2011-08-02 11:34:00,2
14135,2,15,4690.31,312.68733333333336,2011-12-08 11:38:00,2
14138,2,2,982.38,491.19000000000005,2011-12-08 12:44:00,2
14139,46,1,415.82,415.82,2011-10-24 13:34:00,2
14140,4,2,935.05,467.525,2011-12-06 09:05:00,2
14141,3,4,915.13,228.7825,2011-12-07 09:53:00,2
14142,373,1,311.81,311.81,2010-12-01 16:33:00,2
14143,134,1,115.8,115.8,2011-07-29 09:48:00,2
14145,47,4,3742.2,935.55,2011-10-24 12:10:00,2
14146,9,5,4191.0,838.2,2011-12-01 10:18:00,2
14147,78,2,483.4,241.7,2011-09-22 18:10:00,2
14148,234,1,157.2,157.2,2011-04-20 12:02:00,2
14149,221,1,446.62,446.62,2011-05-03 09:44:00,2
14150,36,2,658.64,329.32,2011-11-04 10:05:00,2
14152,75,2,621.29,310.645,2011-09-25 12:54:00,2
14154,239,2,1345.62,672.81,2011-04-14 16:26:00,2
14155,266,1,118.75,118.75,2011-03-18 14:13:00,2
14156,10,55,117379.63,2134.175090909091,2011-11-30 10:54:00,2
14157,20,2,432.88,216.44,2011-11-20 11:32:00,2
14158,40,1,507.66,507.66,2011-10-30 15:08:00,2
14159,20,11,4693.01,426.6372727272728,2011-11-20 12:36:00,2
14161,216,3,1110.52,370.17333333333335,2011-05-08 11:41:00,2
14162,174,2,289.36,144.68,2011-06-19 11:36:00,2
14163,87,4,2445.91,611.4775,2011-09-13 15:18:00,2
14164,71,2,1631.77,815.885,2011-09-30 12:24:00,2
14165,276,1,122.54,122.54,2011-03-09 12:39:00,2
14167,39,4,574.84,143.71,2011-10-31 14:29:00,2
14171,98,1,363.79,363.79,2011-09-02 16:43:00,2
14173,11,4,450.84,112.71,2011-11-29 11:54:00,2
14174,33,1,134.46,134.46,2011-11-06 13:17:00,2
14175,60,3,3222.3,1074.1,2011-10-11 11:55:00,2
14176,297,4,576.9000000000001,144.22500000000002,2011-02-15 13:12:00,2
14177,86,4,559.41,139.8525,2011-09-14 15:11:00,2
14178,9,7,1620.93,231.5614285714286,2011-12-01 12:01:00,2
14179,41,2,719.78,359.89,2011-10-30 12:07:00,2
14180,11,25,4748.52,189.9408,2011-11-29 10:56:00,2
14184,67,1,452.89,452.89,2011-10-04 12:43:00,2
14185,331,1,197.65,197.65,2011-01-12 13:52:00,2
14188,31,6,2054.36,342.3933333333334,2011-11-09 12:45:00,2
14189,2,15,4654.08,310.272,2011-12-07 15:55:00,2
14191,2,13,4684.76,360.36615384615385,2011-12-08 09:23:00,2
14193,68,2,853.39,426.695,2011-10-03 09:34:00,2
14194,5,21,11349.52,540.4533333333334,2011-12-05 10:38:00,2
14195,202,2,1012.0,506.0,2011-05-22 10:29:00,2
14196,107,1,335.52,335.52,2011-08-25 10:25:00,2
14198,18,4,701.4,175.35,2011-11-21 16:35:00,2
14199,218,1,185.4,185.4,2011-05-05 13:44:00,2
14201,60,7,747.44,106.77714285714286,2011-10-10 13:27:00,2
14204,2,1,161.03,161.03,2011-12-07 13:38:00,2
14205,17,2,466.7,233.35,2011-11-23 10:55:00,2
14206,239,1,328.16,328.16,2011-04-14 16:38:00,2
14208,95,1,151.74,151.74,2011-09-06 12:48:00,2
14209,11,6,2073.43,345.57166666666666,2011-11-29 10:18:00,2
14210,106,6,1905.84,317.64000000000004,2011-08-26 12:36:00,2
14211,53,9,2241.1,249.0111111111111,2011-10-17 13:23:00,2
14212,90,1,1070.48,1070.48,2011-09-11 12:45:00,2
14214,31,5,1004.38,200.876,2011-11-09 10:31:00,2
14215,12,6,1789.72,298.2866666666667,2011-11-28 12:19:00,2
14216,3,4,1839.3,459.825,2011-12-06 14:56:00,2
14217,2,17,2004.98,117.94,2011-12-08 11:53:00,2
14218,43,1,169.48000000000002,169.48000000000002,2011-10-28 10:00:00,2
14219,4,1,89.94,89.94,2011-12-05 16:23:00,2
14220,247,2,632.4,316.2,2011-04-06 13:23:00,2
14221,42,9,3432.8,381.4222222222222,2011-10-28 13:42:00,2
14222,177,1,683.17,683.17,2011-06-15 16:42:00,2
14223,92,3,991.13,330.37666666666667,2011-09-08 13:38:00,2
14224,110,4,1050.12,262.53,2011-08-21 13:24:00,2
14226,29,5,2232.19,446.438,2011-11-11 11:34:00,2
14227,26,10,3350.96,335.096,2011-11-13 15:48:00,2
14229,52,3,1547.2,515.7333333333333,2011-10-19 10:04:00,2
14231,184,3,925.71,308.57,2011-06-09 11:05:00,2
14232,43,5,2048.07,409.614,2011-10-28 11:09:00,2
14233,49,4,1462.72,365.68,2011-10-21 15:54:00,2
14234,22,4,775.46,193.865,2011-11-17 17:53:00,2
14235,75,5,3144.86,628.972,2011-09-25 14:37:00,2
14236,81,2,490.86,245.43,2011-09-20 09:13:00,2
14237,373,1,161.0,161.0,2010-12-01 13:20:00,2
14238,326,1,146.85,146.85,2011-01-17 14:40:00,2
14239,43,11,2380.85,216.4409090909091,2011-10-27 14:40:00,2
14240,30,2,890.34,445.17,2011-11-09 13:45:00,2
14241,184,1,213.7,213.7,2011-06-09 11:46:00,2
14242,235,2,280.55,140.275,2011-04-19 11:46:00,2
14243,9,10,2588.77,258.877,2011-12-01 11:12:00,2
14245,220,2,1693.45,846.725,2011-05-04 08:40:00,2
14246,111,3,1474.06,491.3533333333333,2011-08-21 11:50:00,2
14247,278,1,136.76999999999998,136.76999999999998,2011-03-06 15:21:00,2
14248,318,1,302.58,302.58,2011-01-25 14:45:00,2
14250,7,3,1904.05,634.6833333333333,2011-12-02 14:30:00,2
14251,2,5,2879.7000000000003,575.94,2011-12-08 08:32:00,2
14256,260,2,969.06,484.53,2011-03-24 13:17:00,2
14257,64,5,3099.7200000000003,619.9440000000001,2011-10-06 16:54:00,2
14258,9,9,12669.98,1407.7755555555557,2011-11-30 15:27:00,2
14259,142,1,120.0,120.0,2011-07-21 10:44:00,2
14261,51,2,1163.45,581.725,2011-10-20 10:04:00,2
14262,8,8,2618.23,327.27875,2011-12-01 14:17:00,2
14264,155,2,333.97,166.985,2011-07-08 10:20:00,2
14265,109,2,530.18,265.09,2011-08-22 13:32:00,2
14267,163,3,1516.24,505.41333333333336,2011-06-30 10:09:00,2
14270,332,1,492.65,492.65,2011-01-12 09:33:00,2
14271,226,1,112.32,112.32,2011-04-28 12:47:00,2
14272,74,2,437.96,218.98,2011-09-27 10:08:00,2
14273,51,4,559.97,139.9925,2011-10-19 13:20:00,2
14276,99,3,1119.74,373.2466666666666,2011-09-02 09:45:00,2
14277,15,3,4216.2,1405.4,2011-11-24 15:01:00,2
14280,197,1,134.04,134.04,2011-05-27 10:37:00,2
14282,3,15,3729.34,248.62266666666667,2011-12-06 17:04:00,2
14284,31,2,595.25,297.625,2011-11-09 08:11:00,2
14285,21,4,1910.01,477.5025,2011-11-18 14:50:00,2
14286,24,3,4628.75,1542.9166666666667,2011-11-16 10:34:00,2
14287,8,3,176.63,58.876666666666665,2011-12-01 13:25:00,2
14288,213,1,426.6,426.6,2011-05-10 13:22:00,2
14289,9,6,911.26,151.8766666666667,2011-12-01 11:44:00,2
14290,11,5,2314.65,462.93,2011-11-28 14:02:00,2
14291,2,11,3883.25,353.02272727272725,2011-12-08 10:26:00,2
14292,8,9,4871.93,541.3255555555556,2011-12-02 11:50:00,2
14293,3,4,1046.56,261.64,2011-12-06 15:17:00,2
14295,40,1,166.20000000000002,166.20000000000002,2011-10-30 15:50:00,2
14297,18,4,1305.33,326.3325,2011-11-22 09:06:00,2
14298,8,44,51527.3,1171.075,2011-12-01 13:12:00,2
14299,8,9,3965.62,440.6244444444444,2011-12-01 16:05:00,2
14300,19,1,43.2,43.2,2011-11-21 08:57:00,2
14301,117,1,640.14,640.14,2011-08-14 15:33:00,2
14304,223,1,383.45,383.45,2011-05-01 11:50:00,2
14305,71,3,1858.96,619.6533333333333,2011-09-29 15:29:00,2
14306,51,2,2093.32,1046.66,2011-10-19 13:23:00,2
14307,89,6,2995.72,499.2866666666666,2011-09-12 09:38:00,2
14309,8,9,2352.53,261.39222222222224,2011-12-01 13:33:00,2
14311,243,1,310.26,310.26,2011-04-11 10:14:00,2
14312,47,6,1611.59,268.5983333333333,2011-10-24 09:46:00,2
14314,107,1,120.0,120.0,2011-08-25 10:39:00,2
14315,45,6,2481.13,413.5216666666667,2011-10-26 12:06:00,2
14317,65,1,508.58,508.58,2011-10-06 10:44:00,2
14320,207,2,477.79,238.895,2011-05-17 09:24:00,2
14321,11,5,1530.75,306.15,2011-11-29 09:47:00,2
14323,115,2,605.0600000000001,302.53000000000003,2011-08-17 11:37:00,2
14326,242,1,183.85,183.85,2011-04-11 15:04:00,2
14327,163,1,311.65,311.65,2011-06-29 13:58:00,2
14329,17,7,5014.84,716.4057142857143,2011-11-22 15:50:00,2
14331,124,2,462.66,231.33,2011-08-07 13:17:00,2
14332,23,3,866.31,288.77,2011-11-17 11:54:00,2
14333,68,1,415.2,415.2,2011-10-03 10:38:00,2
14334,17,8,2552.21,319.02625,2011-11-23 10:01:00,2
14335,16,2,468.26,234.13,2011-11-23 13:41:00,2
14336,17,4,1614.91,403.7275,2011-11-23 11:40:00,2
14338,161,2,588.22,294.11,2011-07-01 14:08:00,2
14339,243,1,309.52,309.52,2011-04-11 11:06:00,2
14340,219,1,134.7,134.7,2011-05-05 09:44:00,2
14341,45,8,2182.28,272.785,2011-10-25 15:48:00,2
14342,21,4,668.5600000000001,167.14,2011-11-18 13:21:00,2
14344,127,8,889.9300000000001,111.24125,2011-08-04 13:51:00,2
14345,39,1,108.98,108.98,2011-11-01 09:51:00,2
14346,121,2,1021.58,510.79,2011-08-11 09:47:00,2
14348,260,1,409.57,409.57,2011-03-24 16:23:00,2
14349,10,1,133.5,133.5,2011-11-29 15:39:00,2
14350,274,1,282.93,282.93,2011-03-10 14:14:00,2
14351,165,1,51.0,51.0,2011-06-28 11:56:00,2
14352,157,4,1078.96,269.74,2011-07-05 15:41:00,2
14353,215,1,90.6,90.6,2011-05-08 16:06:00,2
14354,6,2,163.62,81.81,2011-12-04 11:32:00,2
14355,366,1,174.4,174.4,2010-12-09 12:16:00,2
14356,80,2,701.23,350.615,2011-09-21 09:18:00,2
14357,43,1,225.77,225.77,2011-10-27 16:23:00,2
14359,19,3,912.18,304.06,2011-11-20 13:17:00,2
14360,32,4,2128.23,532.0575,2011-11-08 09:12:00,2
14362,22,1,161.2,161.2,2011-11-17 15:08:00,2
14364,109,8,3717.35,464.66875,2011-08-23 11:01:00,2
14367,8,16,9261.52,578.845,2011-12-01 13:19:00,2
14368,320,1,155.0,155.0,2011-01-24 09:52:00,2
14371,295,1,100.5,100.5,2011-02-17 16:35:00,2
14373,358,1,76.55,76.55,2010-12-16 15:40:00,2
14375,185,1,257.68,257.68,2011-06-07 13:44:00,2
14377,191,2,617.05,308.525,2011-06-01 13:32:00,2
14379,44,2,348.1,174.05,2011-10-26 16:43:00,2
14381,52,1,202.68,202.68,2011-10-18 17:10:00,2
14382,26,1,626.0699999999999,626.0699999999999,2011-11-13 16:18:00,2
14383,38,3,1247.69,415.8966666666667,2011-11-01 15:53:00,2
14385,9,3,202.11,67.37,2011-11-30 15:36:00,2
14386,297,1,142.4,142.4,2011-02-16 09:45:00,2
14387,33,3,1770.56,590.1866666666666,2011-11-07 12:29:00,2
14388,10,8,3212.84,401.605,2011-11-29 13:32:00,2
14389,65,2,1043.46,521.73,2011-10-05 15:17:00,2
14390,10,9,4652.82,516.98,2011-11-29 13:49:00,2
14393,218,1,67.95,67.95,2011-05-05 18:16:00,2
14395,2,9,3507.71,389.74555555555554,2011-12-07 14:34:00,2
14396,65,2,487.99,243.995,2011-10-05 16:09:00,2
14397,3,19,2612.96,137.52421052631578,2011-12-07 09:22:00,2
14400,149,1,574.7,574.7,2011-07-13 15:50:00,2
14401,4,13,4051.48,311.6523076923077,2011-12-05 13:30:00,2
14403,130,4,1475.81,368.9525,2011-08-01 12:57:00,2
14404,34,6,1474.32,245.72,2011-11-06 12:30:00,2
14406,119,1,156.75,156.75,2011-08-12 16:54:00,2
14407,107,6,2157.73,359.62166666666667,2011-08-24 14:02:00,2
14408,11,7,2606.53,372.3614285714286,2011-11-29 11:41:00,2
14409,71,6,2059.4500000000003,343.2416666666668,2011-09-29 18:18:00,2
14410,92,9,1105.07,122.78555555555556,2011-09-08 15:08:00,2
14411,311,1,1063.0,1063.0,2011-02-02 10:56:00,2
14412,43,2,770.03,385.015,2011-10-28 10:45:00,2
14413,362,1,122.7,122.7,2010-12-12 13:37:00,2
14414,92,7,1496.98,213.8542857142857,2011-09-09 12:09:00,2
14415,1,13,5900.28,453.86769230769227,2011-12-08 14:38:00,2
14416,22,2,490.22,245.11,2011-11-17 15:22:00,2
14418,4,3,1937.25,645.75,2011-12-06 11:39:00,2
14419,11,6,1058.06,176.34333333333333,2011-11-29 11:22:00,2
14420,99,1,387.52,387.52,2011-09-01 18:07:00,2
14421,57,2,813.11,406.555,2011-10-13 13:24:00,2
14422,1,6,4263.64,710.6066666666667,2011-12-09 11:26:00,2
14423,218,1,265.2,265.2,2011-05-05 15:12:00,2
14424,18,1,322.08,322.08,2011-11-22 11:48:00,2
14426,24,10,4481.67,448.167,2011-11-16 12:25:00,2
14427,50,2,363.34,181.67,2011-10-20 14:23:00,2
14428,7,5,1244.83,248.966,2011-12-02 13:17:00,2
14431,303,1,470.36,470.36,2011-02-10 10:40:00,2
14432,10,6,2255.51,375.91833333333335,2011-11-30 08:04:00,2
14434,22,6,1372.8,228.8,2011-11-18 08:56:00,2
14436,99,1,89.06,89.06,2011-09-02 10:13:00,2
14437,366,1,63.0,63.0,2010-12-09 09:27:00,2
14438,306,1,131.9,131.9,2011-02-06 14:56:00,2
14439,320,1,2661.24,2661.24,2011-01-24 11:39:00,2
14440,8,5,2357.6800000000003,471.53600000000006,2011-12-01 15:42:00,2
14441,1,4,1712.89,428.2225,2011-12-09 09:07:00,2
14442,205,2,1589.82,794.91,2011-05-19 11:36:00,2
14443,54,4,1420.2,355.05,2011-10-17 10:10:00,2
14446,1,4,1039.58,259.895,2011-12-09 11:34:00,2
14447,19,5,1163.23,232.646,2011-11-21 08:28:00,2
14448,9,2,375.35,187.675,2011-11-30 13:50:00,2
14449,19,4,907.1,226.775,2011-11-21 12:06:00,2
14450,181,3,483.25,161.08333333333334,2011-06-12 10:46:00,2
14451,60,2,662.59,331.295,2011-10-10 13:38:00,2
14452,11,2,264.44,132.22,2011-11-29 12:06:00,2
14453,190,1,119.93,119.93,2011-06-02 14:15:00,2
14456,5,9,3062.4,340.26666666666665,2011-12-04 13:59:00,2
14457,311,1,113.64,113.64,2011-02-02 09:39:00,2
14459,155,1,1837.92,1837.92,2011-07-07 13:35:00,2
14460,110,3,434.34,144.78,2011-08-21 14:19:00,2
14461,148,3,2103.06,701.02,2011-07-14 17:11:00,2
14462,66,11,2004.02,182.1836363636364,2011-10-04 15:55:00,2
14463,98,3,529.62,176.54,2011-09-02 15:20:00,2
14465,247,3,1058.62,352.8733333333334,2011-04-07 12:38:00,2
14466,29,7,2272.4,324.62857142857143,2011-11-10 14:07:00,2
14467,18,4,598.76,149.69,2011-11-22 12:48:00,2
14470,12,2,461.19,230.595,2011-11-28 10:31:00,2
14472,104,8,1936.84,242.105,2011-08-28 11:01:00,2
14473,74,2,234.34000000000003,117.17000000000002,2011-09-26 15:10:00,2
14474,46,1,547.66,547.66,2011-10-24 13:26:00,2
14475,72,3,925.85,308.6166666666667,2011-09-29 10:46:00,2
14476,257,1,215.7,215.7,2011-03-27 15:39:00,2
14477,20,4,1309.6,327.4,2011-11-20 11:11:00,2
14479,254,2,316.25,158.125,2011-03-31 09:07:00,2
14480,11,1,279.05,279.05,2011-11-28 16:35:00,2
14481,165,2,636.51,318.255,2011-06-28 10:38:00,2
14482,18,6,2068.15,344.69166666666666,2011-11-21 13:14:00,2
14483,282,1,137.1,137.1,2011-03-03 10:26:00,2
14484,50,1,321.92,321.92,2011-10-20 14:11:00,2
14485,39,1,165.75,165.75,2011-11-01 12:25:00,2
14487,27,6,1196.33,199.3883333333333,2011-11-13 12:17:00,2
14488,68,1,1064.28,1064.28,2011-10-03 09:30:00,2
14489,207,1,463.38,463.38,2011-05-16 14:51:00,2
14491,175,2,340.93,170.465,2011-06-17 15:22:00,2
14493,7,5,2383.24,476.648,2011-12-02 16:14:00,2
14494,26,1,139.56,139.56,2011-11-14 09:21:00,2
14495,51,2,123.8,61.9,2011-10-20 12:28:00,2
14496,312,2,538.8100000000001,269.40500000000003,2011-02-01 09:01:00,2
14497,309,1,475.37,475.37,2011-02-03 17:01:00,2
14498,43,5,1957.32,391.464,2011-10-28 12:09:00,2
14499,26,3,815.32,271.77333333333337,2011-11-13 13:01:00,2
14500,88,3,356.85,118.95,2011-09-12 16:45:00,2
14501,184,2,251.21,125.605,2011-06-09 12:02:00,2
14502,20,11,2470.67,224.60636363636365,2011-11-20 11:50:00,2
14503,3,6,3543.26,590.5433333333334,2011-12-06 13:30:00,2
14504,47,4,673.26,168.315,2011-10-23 16:00:00,2
14505,17,8,5905.64,738.205,2011-11-22 15:45:00,2
14506,17,5,2012.17,402.434,2011-11-22 13:02:00,2
14507,24,6,1383.18,230.53,2011-11-16 12:21:00,2
14508,22,2,276.42,138.21,2011-11-17 19:48:00,2
14511,11,5,1314.81,262.962,2011-11-28 17:05:00,2
14512,188,2,275.28,137.64,2011-06-05 12:39:00,2
14513,101,3,455.59,151.86333333333334,2011-08-31 11:25:00,2
14514,61,3,1055.35,351.7833333333333,2011-10-09 16:05:00,2
14515,18,6,2102.09,350.34833333333336,2011-11-22 11:37:00,2
14517,33,2,330.45,165.225,2011-11-06 14:20:00,2
14518,64,1,174.37,174.37,2011-10-06 14:43:00,2
14520,2,2,270.6,135.3,2011-12-08 09:46:00,2
14522,24,4,974.54,243.635,2011-11-15 13:24:00,2
14523,108,1,241.09,241.09,2011-08-23 13:13:00,2
14524,32,9,1867.68,207.52,2011-11-08 12:29:00,2
14525,20,9,4332.2,481.3555555555556,2011-11-20 11:37:00,2
14527,3,55,8508.82,154.7058181818182,2011-12-07 12:19:00,2
14528,37,1,364.22,364.22,2011-11-02 17:09:00,2
14529,60,3,620.04,206.68,2011-10-10 15:27:00,2
14530,26,6,2925.91,487.6516666666666,2011-11-14 10:38:00,2
14532,236,4,932.85,233.2125,2011-04-17 13:05:00,2
14533,25,7,1949.72,278.5314285714286,2011-11-15 12:05:00,2
14534,3,18,4447.05,247.0583333333333,2011-12-07 12:19:00,2
14535,60,3,2864.19,954.73,2011-10-10 15:39:00,2
14536,260,1,171.8,171.8,2011-03-25 12:21:00,2
14537,58,1,355.56,355.56,2011-10-13 10:54:00,2
14538,65,2,388.25,194.125,2011-10-06 10:31:00,2
14539,16,2,537.48,268.74,2011-11-24 09:50:00,2
14540,10,3,996.26,332.08666666666664,2011-11-30 10:15:00,2
14541,59,8,1461.65,182.70625,2011-10-12 10:08:00,2
14542,186,1,103.25,103.25,2011-06-07 08:19:00,2
14543,29,16,3630.33,226.895625,2011-11-11 12:45:00,2
14544,24,2,2024.45,1012.225,2011-11-15 15:06:00,2
14546,5,5,2578.09,515.618,2011-12-04 13:00:00,2
14547,4,8,4007.54,500.9425,2011-12-06 11:06:00,2
14548,151,2,652.8,326.4,2011-07-12 12:19:00,2
14549,311,1,289.24,289.24,2011-02-01 13:47:00,2
14550,11,2,765.62,382.81,2011-11-29 12:12:00,2
14551,18,2,186.23,93.115,2011-11-21 13:36:00,2
14552,152,1,165.07,165.07,2011-07-11 12:49:00,2
14553,19,5,859.27,171.85399999999998,2011-11-20 13:20:00,2
14554,10,4,2381.04,595.26,2011-11-29 16:44:00,2
14555,57,2,324.14,162.07,2011-10-13 16:24:00,2
14557,85,1,788.38,788.38,2011-09-15 15:48:00,2
14560,7,22,2237.77,101.71681818181818,2011-12-02 15:22:00,2
14561,76,3,1080.76,360.25333333333333,2011-09-25 12:39:00,2
14562,4,18,5074.77,281.9316666666667,2011-12-06 11:05:00,2
14565,96,4,3099.12,774.78,2011-09-05 09:07:00,2
14566,111,1,1432.0,1432.0,2011-08-21 11:05:00,2
14567,57,2,1530.36,765.1800000000001,2011-10-14 10:21:00,2
14569,1,1,227.39,227.39,2011-12-08 14:58:00,2
14570,281,2,218.06,109.03,2011-03-04 10:58:00,2
14572,3,7,2832.84,404.6914285714286,2011-12-06 14:40:00,2
14573,180,9,1653.42,183.7133333333333,2011-06-13 11:15:00,2
14576,372,1,35.400000000000006,35.400000000000006,2010-12-02 17:51:00,2
14577,13,4,859.71,214.9275,2011-11-27 12:47:00,2
14578,3,1,168.63,168.63,2011-12-06 17:18:00,2
14581,17,1,138.6,138.6,2011-11-23 12:39:00,2
14582,41,1,114.11,114.11,2011-10-30 11:56:00,2
14583,6,5,1052.55,210.51,2011-12-04 12:32:00,2
14584,169,4,1042.26,260.565,2011-06-23 18:33:00,2
14585,50,1,157.05,157.05,2011-10-20 14:33:00,2
14586,277,1,237.36,237.36,2011-03-08 10:04:00,2
14587,19,9,1601.14,177.9044444444445,2011-11-21 11:34:00,2
14589,372,1,39.75,39.75,2010-12-03 11:42:00,2
14591,15,4,1447.14,361.785,2011-11-24 13:57:00,2
14592,35,3,570.46,190.1533333333333,2011-11-04 16:35:00,2
14593,22,3,617.99,205.99666666666667,2011-11-18 12:48:00,2
14594,7,2,379.83,189.915,2011-12-02 13:28:00,2
14595,20,6,1740.6,290.1,2011-11-20 12:12:00,2
14597,11,2,883.15,441.575,2011-11-28 13:13:00,2
14598,44,1,221.97,221.97,2011-10-26 13:19:00,2
14600,306,1,393.33,393.33,2011-02-07 09:48:00,2
14601,11,1,213.96,213.96,2011-11-29 09:48:00,2
14603,275,1,660.0,660.0,2011-03-10 10:27:00,2
14606,1,93,12156.65,130.71666666666667,2011-12-08 19:28:00,2
14607,16,14,16569.5,1183.5357142857142,2011-11-24 10:35:00,2
14608,4,4,1785.15,446.2875,2011-12-05 16:52:00,2
14609,72,4,601.56,150.39,2011-09-28 12:54:00,2
14616,243,3,406.08,135.36,2011-04-11 09:54:00,2
14618,9,3,553.44,184.48,2011-11-30 13:45:00,2
14619,246,1,394.44,394.44,2011-04-08 07:37:00,2
14620,206,2,412.78,206.39,2011-05-18 11:58:00,2
14621,1,5,1788.36,357.672,2011-12-08 16:22:00,2
14622,185,1,320.58000000000004,320.58000000000004,2011-06-08 12:42:00,2
14623,32,5,889.25,177.85,2011-11-07 13:56:00,2
14624,57,2,225.85,112.925,2011-10-13 13:44:00,2
14625,196,2,899.63,449.815,2011-05-27 15:32:00,2
14626,24,4,2791.27,697.8175,2011-11-16 10:37:00,2
14628,91,2,671.96,335.98,2011-09-09 14:58:00,2
14629,4,2,959.01,479.505,2011-12-05 16:55:00,2
14631,51,3,1006.98,335.66,2011-10-20 11:17:00,2
14632,263,1,114.56,114.56,2011-03-22 08:49:00,2
14633,266,1,344.90000000000003,344.90000000000003,2011-03-18 17:07:00,2
14636,36,2,609.85,304.925,2011-11-03 16:12:00,2
14638,51,1,443.6,443.6,2011-10-20 10:10:00,2
14639,52,6,2984.49,497.415,2011-10-18 15:06:00,2
14640,24,6,2125.08,354.18,2011-11-15 13:07:00,2
14641,22,1,110.46,110.46,2011-11-18 10:42:00,2
14642,59,1,96.12,96.12,2011-10-12 11:08:00,2
14643,170,2,693.8100000000001,346.90500000000003,2011-06-22 14:41:00,2
14644,68,2,830.76,415.38,2011-10-03 08:30:00,2
14645,157,2,597.09,298.545,2011-07-06 09:15:00,2
14646,2,73,280206.02,3838.4386301369855,2011-12-08 12:12:00,2
14647,201,1,243.22,243.22,2011-05-22 13:40:00,2
14649,5,4,1417.29,354.3225,2011-12-05 12:30:00,2
14651,67,2,654.6,327.3,2011-10-03 15:52:00,2
14652,77,1,114.18,114.18,2011-09-23 14:21:00,2
14653,1,7,1947.55,278.2214285714286,2011-12-08 13:45:00,2
14655,8,4,1932.23,483.0575,2011-12-01 16:28:00,2
14656,169,2,291.05,145.525,2011-06-23 13:51:00,2
14657,18,4,848.22,212.055,2011-11-22 12:47:00,2
14658,5,2,247.15,123.575,2011-12-04 15:35:00,2
14659,9,9,2529.93,281.1033333333333,2011-12-01 12:17:00,2
14660,87,2,285.74,142.87,2011-09-14 11:34:00,2
14661,27,1,107.95,107.95,2011-11-13 11:51:00,2
14662,29,4,771.17,192.7925,2011-11-11 12:13:00,2
14664,20,2,637.89,318.945,2011-11-20 10:59:00,2
14665,61,5,1835.7,367.14,2011-10-10 09:14:00,2
14666,24,1,195.25,195.25,2011-11-15 12:57:00,2
14667,11,25,9241.2,369.648,2011-11-29 11:30:00,2
14669,242,3,1269.99,423.33,2011-04-12 11:43:00,2
14670,280,2,411.53,205.765,2011-03-04 14:13:00,2
14672,235,2,765.55,382.775,2011-04-19 10:19:00,2
14673,3,5,1736.4,347.28000000000003,2011-12-06 14:31:00,2
14675,16,1,604.75,604.75,2011-11-23 12:58:00,2
14676,31,6,2548.24,424.7066666666667,2011-11-08 13:29:00,2
14680,25,16,28754.11,1797.131875,2011-11-14 16:59:00,2
14681,71,3,498.95,166.31666666666666,2011-09-29 15:52:00,2
14682,188,2,52.0,26.0,2011-06-05 12:12:00,2
14684,26,5,1236.28,247.256,2011-11-14 11:33:00,2
14687,107,1,628.38,628.38,2011-08-25 11:59:00,2
14688,8,21,5630.87,268.13666666666666,2011-12-02 12:26:00,2
14689,209,1,112.8,112.8,2011-05-15 11:22:00,2
14690,44,2,371.7,185.85,2011-10-26 15:39:00,2
14691,31,5,2114.33,422.866,2011-11-09 12:30:00,2
14692,137,4,591.55,147.8875,2011-07-25 15:08:00,2
14693,265,1,172.9,172.9,2011-03-20 12:50:00,2
14696,4,7,2078.95,296.99285714285713,2011-12-05 13:43:00,2
14697,218,2,188.61,94.305,2011-05-05 15:39:00,2
14698,2,5,1250.76,250.152,2011-12-08 12:26:00,2
14699,214,1,109.13,109.13,2011-05-09 14:54:00,2
14700,32,3,2235.3,745.1,2011-11-07 14:40:00,2
14701,11,9,2549.37,283.2633333333333,2011-11-29 12:38:00,2
14702,1,17,3292.14,193.65529411764703,2011-12-08 19:29:00,2
14703,15,1,318.17,318.17,2011-11-25 09:23:00,2
14704,11,9,1546.91,171.8788888888889,2011-11-28 12:51:00,2
14705,199,1,179.0,179.0,2011-05-25 12:39:00,2
14708,3,3,1126.37,375.45666666666665,2011-12-07 08:21:00,2
14709,15,13,4921.04,378.5415384615384,2011-11-24 15:41:00,2
14710,14,4,606.13,151.5325,2011-11-25 14:53:00,2
14711,10,11,2868.8,260.8,2011-11-29 14:58:00,2
14712,29,3,917.07,305.69,2011-11-10 12:59:00,2
14713,9,11,2666.36,242.39636363636365,2011-11-30 16:26:00,2
14714,24,1,160.19,160.19,2011-11-15 13:07:00,2
14715,25,4,867.38,216.845,2011-11-15 12:10:00,2
14716,43,2,329.68,164.84,2011-10-27 17:29:00,2
14719,2,5,1602.13,320.42600000000004,2011-12-08 12:43:00,2
14720,6,3,663.81,221.27,2011-12-04 12:02:00,2
14722,147,1,187.92,187.92,2011-07-15 14:58:00,2
14723,10,6,1158.3,193.05,2011-11-29 15:23:00,2
14725,25,1,718.08,718.08,2011-11-15 12:42:00,2
14727,274,1,268.58,268.58,2011-03-10 14:45:00,2
14729,374,1,313.49,313.49,2010-12-01 12:43:00,2
14730,1,8,2005.06,250.6325,2011-12-08 14:39:00,2
14731,47,3,380.02,126.67333333333332,2011-10-23 15:54:00,2
14732,8,8,2702.49,337.81125000000003,2011-12-01 14:34:00,2
14733,16,12,9585.91,798.8258333333333,2011-11-23 15:39:00,2
14735,4,32,6065.69,189.5528125,2011-12-06 12:09:00,2
14737,4,3,1164.55,388.1833333333333,2011-12-06 10:16:00,2
14738,43,7,1314.45,187.77857142857144,2011-10-28 08:56:00,2
14739,4,7,3902.28,557.4685714285714,2011-12-05 16:54:00,2
14740,197,3,1448.21,482.7366666666667,2011-05-26 18:17:00,2
14741,12,6,1400.34,233.39,2011-11-28 08:48:00,2
14744,16,7,1099.98,157.14,2011-11-23 12:51:00,2
14745,113,5,1220.26,244.052,2011-08-19 10:05:00,2
14747,249,1,328.2,328.2,2011-04-04 14:09:00,2
14748,29,5,1415.75,283.15,2011-11-10 18:33:00,2
14752,44,1,389.64,389.64,2011-10-27 11:55:00,2
14753,87,1,563.15,563.15,2011-09-13 14:50:00,2
14754,45,2,638.05,319.025,2011-10-26 12:01:00,2
14755,10,11,5010.28,455.48,2011-11-30 11:24:00,2
14756,15,1,738.96,738.96,2011-11-24 18:13:00,2
14757,75,1,420.5,420.5,2011-09-25 14:36:00,2
14758,145,4,1484.06,371.015,2011-07-18 08:21:00,2
14759,5,3,1625.97,541.99,2011-12-05 12:03:00,2
14760,297,1,89.2,89.2,2011-02-15 16:27:00,2
14761,59,2,255.9,127.95,2011-10-12 12:10:00,2
14762,264,1,300.52,300.52,2011-03-21 08:20:00,2
14764,47,1,278.3,278.3,2011-10-24 11:54:00,2
14765,29,3,254.11,84.70333333333333,2011-11-10 19:53:00,2
14766,8,6,2473.37,412.2283333333333,2011-12-01 16:05:00,2
14768,17,2,192.6,96.3,2011-11-22 12:54:00,2
14769,3,8,10674.75,1334.34375,2011-12-07 10:24:00,2
14770,232,2,876.42,438.21,2011-04-21 14:21:00,2
14772,112,1,139.26,139.26,2011-08-19 15:04:00,2
14775,58,3,1011.9,337.3,2011-10-12 15:27:00,2
14776,51,11,2538.3,230.75454545454548,2011-10-19 15:34:00,2
14778,127,2,730.86,365.43,2011-08-04 15:23:00,2
14779,281,3,386.15,128.71666666666667,2011-03-04 12:42:00,2
14780,55,2,447.68,223.84,2011-10-16 12:46:00,2
14782,320,1,200.1,200.1,2011-01-24 11:12:00,2
14784,26,2,289.99,144.995,2011-11-13 13:30:00,2
14785,10,2,77.4,38.7,2011-11-29 13:21:00,2
14788,7,2,679.4399999999999,339.72,2011-12-02 17:06:00,2
14789,29,1,197.64,197.64,2011-11-11 08:59:00,2
14790,17,4,745.06,186.265,2011-11-23 09:28:00,2
14792,64,1,6.2,6.2,2011-10-07 09:19:00,2
14793,21,1,228.99,228.99,2011-11-18 14:50:00,2
14794,3,7,1319.91,188.55857142857144,2011-12-07 10:11:00,2
14795,166,1,131.45000000000002,131.45000000000002,2011-06-26 13:04:00,2
14796,1,17,8022.49,471.9111764705882,2011-12-08 15:31:00,2
14798,53,3,173.74,57.91333333333333,2011-10-18 10:58:00,2
14799,51,1,157.7,157.7,2011-10-19 16:16:00,2
14800,48,12,4339.74,361.645,2011-10-23 12:46:00,2
14801,61,1,193.14,193.14,2011-10-09 15:24:00,2
14803,162,3,845.55,281.85,2011-06-30 13:58:00,2
14804,9,1,353.27,353.27,2011-12-01 11:20:00,2
14805,15,4,554.65,138.6625,2011-11-24 16:20:00,2
14806,75,1,193.39,193.39,2011-09-25 15:32:00,2
14808,40,8,2741.17,342.64625,2011-10-31 12:21:00,2
14810,41,11,2087.88,189.80727272727276,2011-10-30 11:19:00,2
14813,370,2,155.43,77.715,2010-12-05 11:57:00,2
14815,37,2,778.5,389.25,2011-11-03 11:36:00,2
14816,197,1,271.85,271.85,2011-05-26 13:16:00,2
14817,200,2,1110.34,555.17,2011-05-23 13:35:00,2
14818,74,3,657.8,219.26666666666665,2011-09-27 11:01:00,2
14819,64,2,272.07,136.035,2011-10-06 13:41:00,2
14820,21,4,507.29,126.8225,2011-11-18 15:41:00,2
14821,367,1,48.8,48.8,2010-12-08 08:43:00,2
14823,180,3,321.43,107.14333333333332,2011-06-12 13:12:00,2
14824,10,4,1127.71,281.9275,2011-11-29 14:20:00,2
14825,4,12,2226.91,185.5758333333333,2011-12-06 11:38:00,2
14828,197,3,2139.76,713.2533333333334,2011-05-27 10:16:00,2
14829,29,4,697.55,174.3875,2011-11-10 16:16:00,2
14830,53,1,197.13,197.13,2011-10-17 14:29:00,2
14834,18,6,1720.3,286.71666666666664,2011-11-22 10:30:00,2
14836,10,3,102.45,34.15,2011-11-29 16:45:00,2
14837,90,4,1649.5,412.375,2011-09-11 10:58:00,2
14840,268,1,62.85,62.85,2011-03-17 12:00:00,2
14841,53,6,3295.76,549.2933333333334,2011-10-17 15:03:00,2
14842,44,4,2824.69,706.1725,2011-10-27 12:37:00,2
14844,64,4,3189.81,797.4525,2011-10-07 10:41:00,2
14847,149,1,309.4,309.4,2011-07-14 10:52:00,2
14849,22,25,7930.54,317.2216,2011-11-18 10:58:00,2
14850,312,1,325.75,325.75,2011-02-01 11:21:00,2
14851,23,2,511.35,255.675,2011-11-16 14:20:00,2
14852,58,6,2836.69,472.7816666666667,2011-10-12 13:20:00,2
14853,24,2,475.8,237.9,2011-11-15 16:56:00,2
14854,78,7,2759.83,394.26142857142855,2011-09-22 17:00:00,2
14855,119,2,645.65,322.825,2011-08-12 14:02:00,2
14856,36,3,1311.38,437.1266666666666,2011-11-03 14:53:00,2
14857,60,2,1173.12,586.56,2011-10-11 09:23:00,2
14859,13,4,1353.74,338.435,2011-11-27 11:18:00,2
14860,19,1,170.32,170.32,2011-11-20 14:17:00,2
14861,52,1,125.79,125.79,2011-10-18 12:54:00,2
14862,26,2,841.1999999999999,420.6,2011-11-14 10:01:00,2
14863,29,1,266.76,266.76,2011-11-10 15:04:00,2
14865,7,2,52.2,26.1,2011-12-02 16:25:00,2
14866,11,12,14389.9,1199.1583333333333,2011-11-29 11:45:00,2
14867,186,3,710.28,236.76,2011-06-07 11:39:00,2
14868,3,8,2953.59,369.19875,2011-12-06 14:49:00,2
14869,9,2,725.7,362.85,2011-12-01 12:36:00,2
14870,262,1,327.25,327.25,2011-03-23 10:51:00,2
14871,3,4,522.38,130.595,2011-12-06 13:42:00,2
14873,210,1,519.68,519.68,2011-05-13 13:52:00,2
14875,108,2,1465.3200000000002,732.6600000000001,2011-08-24 12:20:00,2
14878,13,9,1485.54,165.06,2011-11-27 11:15:00,2
14880,77,3,706.19,235.39666666666668,2011-09-23 13:42:00,2
14881,20,1,255.4,255.4,2011-11-20 11:06:00,2
14882,27,2,589.7,294.85,2011-11-13 12:47:00,2
14883,19,6,761.59,126.93166666666669,2011-11-21 10:23:00,2
14885,132,1,765.3199999999999,765.3199999999999,2011-07-31 12:05:00,2
14886,253,1,364.8,364.8,2011-04-01 08:56:00,2
14887,79,1,1862.0,1862.0,2011-09-21 15:32:00,2
14888,207,1,369.2,369.2,2011-05-16 14:58:00,2
14889,336,1,135.9,135.9,2011-01-07 15:19:00,2
14890,254,1,125.65,125.65,2011-03-31 11:57:00,2
14891,148,2,554.38,277.19,2011-07-14 18:08:00,2
14893,10,2,1237.85,618.9250000000001,2011-11-30 12:31:00,2
14894,85,1,655.75,655.75,2011-09-15 13:51:00,2
14895,8,20,11138.71,556.9355,2011-12-02 09:23:00,2
14896,205,2,468.77,234.385,2011-05-19 10:20:00,2
14897,8,4,1366.38,341.595,2011-12-02 10:32:00,2
14898,23,6,1303.52,217.25333333333333,2011-11-16 14:54:00,2
14901,11,9,1421.29,157.92111111111112,2011-11-28 17:09:00,2
14902,26,1,332.66,332.66,2011-11-14 10:34:00,2
14903,21,5,2810.63,562.126,2011-11-18 16:07:00,2
14904,2,2,1025.44,512.72,2011-12-07 12:55:00,2
14905,158,2,616.15,308.075,2011-07-05 12:41:00,2
14907,3,7,3501.1,500.1571428571429,2011-12-06 14:14:00,2
14908,74,1,277.8,277.8,2011-09-26 12:56:00,2
14910,3,4,434.35,108.5875,2011-12-07 10:06:00,2
14911,1,201,143825.06,715.5475621890547,2011-12-08 15:54:00,1
14912,17,2,867.85,433.925,2011-11-23 09:20:00,2
14913,36,4,1227.43,306.8575,2011-11-04 08:29:00,2
14915,91,2,307.48,153.74,2011-09-09 13:34:00,2
14916,71,4,1268.98,317.245,2011-09-30 09:20:00,2
14918,116,2,1610.15,805.075,2011-08-16 11:50:00,2
14920,213,2,977.77,488.885,2011-05-11 10:32:00,2
14921,30,2,1316.07,658.035,2011-11-09 13:17:00,2
14923,51,1,749.1,749.1,2011-10-20 11:51:00,2
14924,246,1,310.05,310.05,2011-04-08 09:25:00,2
14929,32,1,223.88,223.88,2011-11-07 17:21:00,2
14930,109,3,2372.86,790.9533333333334,2011-08-23 10:31:00,2
14931,5,5,1257.68,251.536,2011-12-05 10:19:00,2
14932,366,1,363.53,363.53,2010-12-09 11:48:00,2
14934,82,2,1890.94,945.47,2011-09-19 10:10:00,2
14935,297,1,1784.71,1784.71,2011-02-15 14:44:00,2
14936,34,8,8137.02,1017.1275,2011-11-06 10:30:00,2
14937,57,3,1621.88,540.6266666666667,2011-10-14 12:29:00,2
14944,30,12,5900.25,491.6875,2011-11-10 09:10:00,2
14946,14,1,100.9,100.9,2011-11-25 13:33:00,2
14947,72,2,290.82,145.41,2011-09-28 15:48:00,2
14948,23,6,1101.97,183.66166666666663,2011-11-16 17:16:00,2
14950,19,1,371.2,371.2,2011-11-20 13:48:00,2
14951,79,1,311.69,311.69,2011-09-21 15:15:00,2
14952,60,11,8099.49,736.3172727272727,2011-10-11 10:33:00,2
14953,25,1,289.82,289.82,2011-11-14 14:59:00,2
14954,12,1,336.17,336.17,2011-11-27 14:30:00,2
14957,253,1,58.49,58.49,2011-03-31 17:59:00,2
14958,147,3,499.68,166.56,2011-07-15 14:20:00,2
14959,64,4,695.42,173.855,2011-10-06 18:23:00,2
14960,8,2,221.27,110.635,2011-12-01 12:54:00,2
14961,11,9,7044.68,782.7422222222223,2011-11-29 09:42:00,2
14962,271,1,126.7,126.7,2011-03-14 09:42:00,2
14963,10,5,1487.8,297.56,2011-11-30 12:16:00,2
14964,247,1,206.21,206.21,2011-04-06 14:13:00,2
14965,96,2,599.0,299.5,2011-09-04 13:20:00,2
14966,15,1,191.32,191.32,2011-11-25 12:20:00,2
14967,50,1,463.8,463.8,2011-10-21 11:06:00,2
14968,30,1,147.59,147.59,2011-11-09 13:58:00,2
14970,68,4,1592.06,398.015,2011-10-02 13:44:00,2
14971,35,3,1116.57,372.19,2011-11-04 17:07:00,2
14972,128,1,114.77,114.77,2011-08-03 14:54:00,2
14973,107,3,1314.45,438.15,2011-08-24 15:51:00,2
14974,37,1,114.39,114.39,2011-11-02 13:01:00,2
14975,57,1,279.94,279.94,2011-10-13 14:08:00,2
14976,57,7,790.86,112.98,2011-10-13 16:37:00,2
14978,72,5,1931.42,386.284,2011-09-28 13:07:00,2
14981,246,1,102.12,102.12,2011-04-07 13:45:00,2
14984,19,2,213.27,106.635,2011-11-20 14:28:00,2
14985,198,2,296.75,148.375,2011-05-25 14:29:00,2
14987,16,2,326.4,163.2,2011-11-24 09:59:00,2
14988,212,1,334.54,334.54,2011-05-12 12:05:00,2
14995,39,2,233.23,116.615,2011-11-01 11:39:00,2
14997,46,3,546.1999999999999,182.06666666666663,2011-10-24 13:28:00,2
14998,170,2,429.87,214.935,2011-06-22 17:30:00,2
15000,48,1,490.52,490.52,2011-10-23 11:42:00,2
15002,116,4,1641.76,410.44,2011-08-16 10:44:00,2
15004,147,1,1246.32,1246.32,2011-07-15 14:05:00,2
15005,16,28,6316.57,225.5917857142857,2011-11-24 12:25:00,2
15006,51,1,502.09,502.09,2011-10-19 15:08:00,2
15007,159,1,156.91,156.91,2011-07-03 16:00:00,2
15009,12,3,1261.78,420.5933333333333,2011-11-27 13:35:00,2
15010,36,1,308.94,308.94,2011-11-04 12:42:00,2
15012,54,2,423.04,211.52,2011-10-17 12:22:00,2
15014,43,2,260.17,130.085,2011-10-27 20:07:00,2
15016,173,1,170.04,170.04,2011-06-20 12:06:00,2
15017,34,1,125.58,125.58,2011-11-06 10:33:00,2
15018,39,3,496.21,165.40333333333334,2011-11-01 12:47:00,2
15019,267,1,266.0,266.0,2011-03-18 12:35:00,2
15021,9,9,1914.82,212.75777777777776,2011-12-01 11:53:00,2
15022,12,4,905.04,226.26,2011-11-28 12:35:00,2
15023,3,11,6802.76,618.4327272727273,2011-12-06 17:23:00,2
15024,10,10,1661.33,166.13299999999998,2011-11-30 12:06:00,2
15025,33,1,377.01,377.01,2011-11-06 15:20:00,2
15026,80,3,469.0,156.33333333333334,2011-09-20 13:52:00,2
15027,31,4,1066.15,266.5375,2011-11-09 10:16:00,2
15028,8,4,627.13,156.7825,2011-12-01 14:06:00,2
15030,72,2,518.28,259.14,2011-09-29 10:50:00,2
15031,4,4,668.14,167.035,2011-12-05 14:19:00,2
15032,256,3,4959.1,1653.0333333333335,2011-03-28 15:03:00,2
15033,5,10,2586.67,258.66700000000003,2011-12-05 12:40:00,2
15034,16,8,4308.61,538.57625,2011-11-24 12:11:00,2
15035,90,1,252.73,252.73,2011-09-11 11:08:00,2
15036,72,3,465.55,155.18333333333334,2011-09-28 15:42:00,2
15038,59,6,705.49,117.58166666666666,2011-10-12 11:33:00,2
15039,10,47,19914.44,423.7114893617021,2011-11-30 11:31:00,2
15041,170,1,180.35,180.35,2011-06-22 16:16:00,2
15042,199,1,135.93,135.93,2011-05-24 16:25:00,2
15043,31,1,537.0,537.0,2011-11-08 14:26:00,2
15044,19,17,7700.23,452.954705882353,2011-11-20 13:20:00,2
15045,152,2,735.66,367.83,2011-07-11 11:33:00,2
15046,9,15,5213.77,347.58466666666664,2011-11-30 15:50:00,2
15047,270,1,343.62,343.62,2011-03-15 10:49:00,2
15048,65,4,384.05,96.0125,2011-10-05 14:55:00,2
15049,274,1,121.17000000000002,121.17000000000002,2011-03-11 12:13:00,2
15050,25,3,1782.09,594.03,2011-11-14 16:17:00,2
15051,23,3,1391.61,463.87,2011-11-16 15:38:00,2
15052,319,1,215.78,215.78,2011-01-24 15:52:00,2
15053,5,3,697.79,232.59666666666664,2011-12-05 12:08:00,2
15054,12,2,302.1,151.05,2011-11-27 15:02:00,2
15057,275,2,1489.5,744.75,2011-03-09 15:17:00,2
15058,25,11,2124.99,193.18090909090915,2011-11-14 14:57:00,2
15059,41,9,1337.72,148.63555555555556,2011-10-30 11:35:00,2
15060,8,4,303.09,75.7725,2011-12-01 13:47:00,2
15061,4,48,54534.14,1136.1279166666666,2011-12-06 12:06:00,2
15062,71,4,987.86,246.965,2011-09-29 16:51:00,2
15063,213,1,370.8,370.8,2011-05-10 13:25:00,2
15065,38,4,3158.13,789.5325,2011-11-02 09:45:00,2
15066,53,1,893.59,893.59,2011-10-17 13:25:00,2
15067,78,3,1744.76,581.5866666666667,2011-09-22 13:20:00,2
15068,46,2,553.36,276.68,2011-10-24 14:47:00,2
15069,179,1,1109.53,1109.53,2011-06-13 14:16:00,2
15070,373,1,106.2,106.2,2010-12-02 11:23:00,2
15071,94,2,982.07,491.035,2011-09-07 11:43:00,2
15073,10,3,1043.41,347.80333333333334,2011-11-30 10:44:00,2
15074,105,1,748.87,748.87,2011-08-26 14:45:00,2
15075,78,1,773.03,773.03,2011-09-23 12:27:00,2
15076,173,1,880.85,880.85,2011-06-20 08:23:00,2
15078,7,32,9743.11,304.4721875,2011-12-02 15:41:00,2
15079,213,4,895.61,223.9025,2011-05-11 12:45:00,2
15081,22,5,504.8,100.96,2011-11-17 17:08:00,2
15083,257,1,88.2,88.2,2011-03-28 12:18:00,2
15087,282,1,306.94,306.94,2011-03-03 10:34:00,2
15088,21,2,1160.07,580.035,2011-11-18 13:14:00,2
15089,10,6,2420.84,403.47333333333336,2011-11-29 16:31:00,2
15090,308,1,381.32,381.32,2011-02-04 14:03:00,2
15091,68,1,480.71,480.71,2011-10-03 12:47:00,2
15092,215,2,457.81,228.905,2011-05-08 14:10:00,2
15093,18,6,4597.02,766.1700000000001,2011-11-21 13:09:00,2
15095,104,4,1370.6,342.65,2011-08-28 12:01:00,2
15096,43,1,219.39,219.39,2011-10-28 10:27:00,2
15097,4,1,248.08,248.08,2011-12-05 14:03:00,2
15098,182,3,39916.5,13305.5,2011-06-10 15:33:00,2
15099,84,1,410.48,410.48,2011-09-16 13:13:00,2
15100,334,3,876.0,292.0,2011-01-10 10:35:00,2
15101,9,2,317.53,158.765,2011-12-01 10:18:00,2
15103,31,2,703.36,351.68,2011-11-08 14:53:00,2
15104,197,2,1027.44,513.72,2011-05-27 12:29:00,2
15105,18,7,2298.93,328.4185714285714,2011-11-21 16:54:00,2
15106,18,5,1422.52,284.504,2011-11-22 09:16:00,2
15107,311,6,319.5,53.25,2011-02-01 14:46:00,2
15108,142,4,1300.25,325.0625,2011-07-21 10:24:00,2
15109,246,1,484.95,484.95,2011-04-08 09:58:00,2
15110,24,4,996.1,249.025,2011-11-16 11:16:00,2
15111,29,3,1567.48,522.4933333333333,2011-11-10 16:58:00,2
15113,10,3,3609.33,1203.11,2011-11-30 08:23:00,2
15114,30,10,2760.56,276.056,2011-11-09 15:05:00,2
15115,18,1,340.11,340.11,2011-11-21 14:59:00,2
15116,18,4,1352.75,338.1875,2011-11-22 12:25:00,2
15117,15,5,1551.78,310.356,2011-11-25 08:12:00,2
15118,134,1,244.8,244.8,2011-07-28 14:54:00,2
15119,246,1,266.4,266.4,2011-04-08 09:08:00,2
15120,134,1,358.82,358.82,2011-07-29 09:48:00,2
15121,50,2,457.72,228.86,2011-10-20 14:51:00,2
15122,114,3,1633.78,544.5933333333334,2011-08-17 16:48:00,2
15123,7,2,2199.31,1099.655,2011-12-02 13:12:00,2
15124,23,2,184.19,92.095,2011-11-17 10:09:00,2
15125,25,15,11528.48,768.5653333333333,2011-11-14 13:57:00,2
15127,66,1,406.53,406.53,2011-10-05 10:30:00,2
15128,60,4,1471.0,367.75,2011-10-10 13:54:00,2
15129,50,11,3447.4,313.40000000000003,2011-10-20 14:40:00,2
15130,170,1,330.11,330.11,2011-06-23 10:15:00,2
15132,18,5,977.93,195.586,2011-11-21 17:10:00,2
15133,128,3,982.42,327.4733333333333,2011-08-04 10:44:00,2
15134,15,8,1387.99,173.49875,2011-11-25 08:55:00,2
15135,239,1,139.05,139.05,2011-04-14 19:16:00,2
15136,3,4,1286.7,321.675,2011-12-07 12:26:00,2
15139,240,2,178.96,89.48,2011-04-14 11:39:00,2
15140,52,7,2354.25,336.32142857142856,2011-10-18 14:07:00,2
15142,46,1,498.74,498.74,2011-10-24 12:51:00,2
15143,226,1,259.45,259.45,2011-04-28 12:03:00,2
15144,8,17,6580.44,387.0847058823529,2011-12-01 15:12:00,2
15145,4,4,1194.73,298.6825,2011-12-05 17:21:00,2
15146,165,2,1327.16,663.58,2011-06-28 12:09:00,2
15147,240,1,623.5,623.5,2011-04-13 15:57:00,2
15148,11,1,301.29,301.29,2011-11-29 08:21:00,2
15149,134,1,520.8000000000001,520.8000000000001,2011-07-29 10:58:00,2
15150,17,10,5314.47,531.447,2011-11-22 12:52:00,2
15152,10,13,4745.69,365.0530769230769,2011-11-30 12:32:00,2
15153,31,1,329.25,329.25,2011-11-08 17:09:00,2
15154,75,1,296.42,296.42,2011-09-25 16:05:00,2
15156,1,3,961.49,320.49666666666667,2011-12-08 18:22:00,2
15157,4,3,1936.07,645.3566666666667,2011-12-06 11:28:00,2
15158,45,1,401.4,401.4,2011-10-25 13:53:00,2
15159,2,30,18641.01,621.3670000000001,2011-12-08 12:05:00,2
15160,357,1,158.16,158.16,2010-12-17 14:15:00,2
15163,18,2,304.47,152.235,2011-11-21 13:10:00,2
15164,69,3,843.05,281.01666666666665,2011-10-02 12:05:00,2
15165,373,1,487.75,487.75,2010-12-01 14:03:00,2
15167,321,1,163.0,163.0,2011-01-23 12:41:00,2
15168,26,1,106.56,106.56,2011-11-14 11:26:00,2
15171,331,1,1289.5,1289.5,2011-01-12 15:36:00,2
15172,9,5,1624.05,324.81,2011-12-01 11:51:00,2
15174,323,1,135.75,135.75,2011-01-21 09:06:00,2
15175,72,1,224.14,224.14,2011-09-29 11:31:00,2
15178,260,1,40.5,40.5,2011-03-24 15:12:00,2
15179,18,5,2206.95,441.39,2011-11-21 12:53:00,2
15180,367,1,87.5,87.5,2010-12-07 14:57:00,2
15181,66,3,689.4799999999999,229.82666666666665,2011-10-04 13:58:00,2
15182,154,2,622.85,311.425,2011-07-08 13:37:00,2
15184,29,2,406.76,203.38,2011-11-10 13:41:00,2
15185,70,1,310.62,310.62,2011-09-30 14:06:00,2
15186,14,2,411.41,205.705,2011-11-25 14:58:00,2
15187,2,16,4777.18,298.57375,2011-12-08 11:56:00,2
15189,1,41,16225.39,395.74121951219513,2011-12-08 13:22:00,2
15192,120,3,1044.32,348.1066666666666,2011-08-12 11:41:00,2
15193,61,1,499.32,499.32,2011-10-10 08:23:00,2
15194,3,15,7616.53,507.76866666666666,2011-12-06 15:10:00,2
15195,3,1,3861.0,3861.0,2011-12-07 12:20:00,2
15197,11,3,1079.61,359.87000000000006,2011-11-29 10:00:00,2
15198,92,2,193.64,96.82,2011-09-08 14:42:00,2
15199,59,4,1268.7,317.175,2011-10-11 15:12:00,2
15201,87,5,1236.54,247.308,2011-09-13 14:53:00,2
15203,26,6,1827.8,304.6333333333333,2011-11-14 08:16:00,2
15204,357,1,316.58,316.58,2010-12-17 13:49:00,2
15205,85,2,653.24,326.62,2011-09-15 19:36:00,2
15206,10,4,420.3,105.075,2011-11-29 13:41:00,2
15208,1,5,870.12,174.024,2011-12-08 17:24:00,2
15210,225,1,331.18,331.18,2011-04-28 16:11:00,2
15211,60,2,894.4100000000001,447.205,2011-10-10 13:31:00,2
15212,241,1,101.8,101.8,2011-04-12 13:45:00,2
15213,319,2,328.35,164.175,2011-01-25 12:21:00,2
15214,2,8,1661.44,207.68,2011-12-08 12:07:00,2
15215,47,3,734.94,244.98,2011-10-24 11:41:00,2
15216,88,1,96.6,96.6,2011-09-13 11:41:00,2
15218,11,11,5756.89,523.3536363636364,2011-11-29 11:48:00,2
15219,176,1,305.75,305.75,2011-06-16 16:57:00,2
15220,52,6,1778.96,296.49333333333334,2011-10-19 12:39:00,2
15221,366,1,403.25,403.25,2010-12-08 13:08:00,2
15222,319,1,585.0,585.0,2011-01-25 08:03:00,2
15223,226,2,755.75,377.875,2011-04-28 11:31:00,2
15224,358,2,322.08,161.04,2010-12-16 15:02:00,2
15225,234,1,409.4,409.4,2011-04-19 14:51:00,2
15226,311,1,154.41,154.41,2011-02-02 11:41:00,2
15227,37,5,1219.4,243.88,2011-11-03 11:59:00,2
15228,66,4,3386.71,846.6775,2011-10-04 13:56:00,2
15230,239,2,429.6,214.8,2011-04-14 14:39:00,2
15232,113,2,612.06,306.03,2011-08-18 16:27:00,2
15234,277,1,197.0,197.0,2011-03-08 08:53:00,2
15235,218,12,2247.51,187.2925,2011-05-06 09:44:00,2
15236,299,1,321.05,321.05,2011-02-14 10:52:00,2
15237,2,4,1412.32,353.08,2011-12-08 09:46:00,2
15238,29,3,1071.99,357.33,2011-11-10 14:28:00,2
15239,10,2,780.59,390.295,2011-11-29 14:14:00,2
15240,45,5,1706.57,341.314,2011-10-26 09:50:00,2
15241,67,8,1756.44,219.555,2011-10-04 09:05:00,2
15243,74,1,316.68,316.68,2011-09-26 14:12:00,2
15244,65,2,631.57,315.785,2011-10-05 13:19:00,2
15245,134,3,2515.84,838.6133333333333,2011-07-28 18:56:00,2
15246,238,2,514.15,257.075,2011-04-15 14:45:00,2
15247,122,1,356.0,356.0,2011-08-09 12:52:00,2
15249,32,13,6688.46,514.496923076923,2011-11-08 11:45:00,2
15251,9,11,10484.99,953.180909090909,2011-11-30 15:02:00,2
15252,36,2,740.78,370.39,2011-11-03 13:30:00,2
15253,16,5,918.2,183.64,2011-11-23 16:22:00,2
15254,127,1,300.36,300.36,2011-08-04 15:04:00,2
15255,67,1,890.85,890.85,2011-10-04 12:43:00,2
15256,149,1,98.45,98.45,2011-07-14 11:47:00,2
15257,283,1,317.15,317.15,2011-03-01 12:58:00,2
15258,169,2,623.16,311.58,2011-06-24 12:30:00,2
15260,100,7,1810.77,258.68142857142857,2011-08-31 13:55:00,2
15261,135,1,254.82,254.82,2011-07-27 15:20:00,2
15262,324,1,178.95000000000002,178.95000000000002,2011-01-20 12:16:00,2
15263,107,1,156.51,156.51,2011-08-25 10:26:00,2
15264,64,1,393.74,393.74,2011-10-06 13:49:00,2
15265,151,2,1506.12,753.0600000000001,2011-07-11 14:46:00,2
15266,338,1,119.3,119.3,2011-01-05 13:40:00,2
15267,22,5,1717.36,343.472,2011-11-17 15:59:00,2
15269,24,1,408.8,408.8,2011-11-16 09:32:00,2
15270,16,7,2379.49,339.9271428571428,2011-11-24 09:24:00,2
15271,7,15,2507.07,167.138,2011-12-02 14:11:00,2
15272,57,2,721.94,360.97,2011-10-13 12:59:00,2
15274,4,2,716.57,358.285,2011-12-05 16:57:00,2
15275,38,1,615.14,615.14,2011-11-02 11:20:00,2
15276,66,1,135.31,135.31,2011-10-04 16:39:00,2
15277,47,1,255.9,255.9,2011-10-24 10:08:00,2
15279,355,1,290.51,290.51,2010-12-20 10:48:00,2
15280,172,1,113.12,113.12,2011-06-20 17:14:00,2
15281,59,9,2332.15,259.1277777777778,2011-10-12 09:10:00,2
15286,50,1,240.55,240.55,2011-10-21 11:08:00,2
15287,22,2,486.69,243.345,2011-11-17 15:34:00,2
15288,43,5,2306.52,461.304,2011-10-27 16:58:00,2
15289,29,3,939.78,313.26,2011-11-10 13:49:00,2
15290,5,18,7943.22,441.29,2011-12-05 11:39:00,2
15291,26,15,4668.3,311.22,2011-11-14 11:02:00,2
15292,201,1,180.94,180.94,2011-05-22 15:00:00,2
15296,51,6,3672.86,612.1433333333333,2011-10-20 11:47:00,2
15297,10,3,641.94,213.98,2011-11-29 16:32:00,2
15298,2,12,4799.9,399.9916666666666,2011-12-07 17:17:00,2
15299,67,7,4507.01,643.8585714285715,2011-10-03 14:19:00,2
15300,64,1,496.44,496.44,2011-10-06 17:08:00,2
15301,51,12,5070.35,422.5291666666667,2011-10-20 09:57:00,2
15303,290,1,574.02,574.02,2011-02-22 13:59:00,2
15304,61,8,694.4000000000001,86.80000000000001,2011-10-10 10:23:00,2
15306,64,3,1174.35,391.45,2011-10-06 12:56:00,2
15307,96,1,205.3,205.3,2011-09-05 11:38:00,2
15308,274,1,310.47,310.47,2011-03-10 13:08:00,2
15311,1,91,60767.9,667.7791208791209,2011-12-09 12:00:00,2
15312,75,4,924.85,231.2125,2011-09-25 13:10:00,2
15313,110,1,52.0,52.0,2011-08-21 16:02:00,2
15314,199,1,327.97,327.97,2011-05-24 14:39:00,2
15315,64,2,570.5,285.25,2011-10-06 12:51:00,2
15316,327,1,165.0,165.0,2011-01-17 11:34:00,2
15318,4,1,312.62,312.62,2011-12-06 11:30:00,2
15319,284,1,204.5,204.5,2011-03-01 12:48:00,2
15320,44,1,267.13,267.13,2011-10-26 13:27:00,2
15321,71,3,2748.31,916.1033333333334,2011-09-30 09:40:00,2
15322,86,1,679.68,679.68,2011-09-15 09:34:00,2
15325,104,1,162.29,162.29,2011-08-28 11:55:00,2
15326,334,1,311.71,311.71,2011-01-10 11:38:00,2
15327,53,1,208.75,208.75,2011-10-18 11:55:00,2
15329,39,3,1049.7,349.90000000000003,2011-10-31 15:36:00,2
15330,32,2,714.96,357.48,2011-11-07 17:50:00,2
15332,366,4,1661.06,415.265,2010-12-08 14:43:00,2
15333,208,1,1028.56,1028.56,2011-05-15 13:27:00,2
15334,157,3,351.67,117.22333333333334,2011-07-06 11:22:00,2
15335,54,1,173.97,173.97,2011-10-17 12:50:00,2
15339,66,2,574.07,287.035,2011-10-04 12:51:00,2
15341,81,1,2020.52,2020.52,2011-09-20 09:40:00,2
15342,130,1,406.09,406.09,2011-08-02 10:19:00,2
15343,87,1,364.5,364.5,2011-09-13 13:55:00,2
15344,1,3,563.94,187.98,2011-12-09 10:45:00,2
15345,46,1,393.54,393.54,2011-10-25 11:28:00,2
15346,333,1,252.42,252.42,2011-01-11 11:18:00,2
15347,366,1,201.6,201.6,2010-12-08 15:25:00,2
15348,72,1,158.04,158.04,2011-09-28 13:17:00,2
15349,158,2,473.81,236.905,2011-07-04 16:06:00,2
15350,373,1,115.65,115.65,2010-12-01 13:33:00,2
15351,12,7,1960.11,280.0157142857143,2011-11-27 12:52:00,2
15353,255,2,777.02,388.51,2011-03-30 12:15:00,2
15355,29,2,277.05,138.525,2011-11-10 13:44:00,2
15356,31,10,2766.5,276.65,2011-11-08 13:11:00,2
15358,5,22,8347.2,379.4181818181818,2011-12-05 09:04:00,2
15360,40,1,427.93,427.93,2011-10-31 09:35:00,2
15361,362,1,418.92,418.92,2010-12-13 09:52:00,2
15363,373,1,326.0,326.0,2010-12-02 12:28:00,2
15364,96,2,913.19,456.595,2011-09-05 09:46:00,2
15365,26,7,2314.32,330.6171428571429,2011-11-14 08:29:00,2
15366,75,2,602.51,301.255,2011-09-25 15:01:00,2
15367,57,4,1877.59,469.3975,2011-10-13 14:13:00,2
15368,21,1,446.94000000000005,446.94000000000005,2011-11-18 14:42:00,2
15370,41,7,2386.05,340.86428571428576,2011-10-30 10:58:00,2
15372,137,1,2007.4,2007.4,2011-07-25 16:39:00,2
15373,8,12,2415.91,201.3258333333333,2011-12-01 15:05:00,2
15374,129,1,168.0,168.0,2011-08-03 09:59:00,2
15376,40,3,1233.36,411.12000000000006,2011-10-30 15:04:00,2
15379,169,7,3703.29,529.0414285714286,2011-06-23 13:13:00,2
15380,9,5,1690.2600000000002,338.052,2011-12-01 12:13:00,2
15381,214,2,596.85,298.425,2011-05-10 11:55:00,2
15382,15,6,5955.71,992.6183333333332,2011-11-25 10:58:00,2
15384,170,2,642.41,321.205,2011-06-23 10:57:00,2
15385,40,1,316.88,316.88,2011-10-30 15:11:00,2
15386,186,1,394.14,394.14,2011-06-06 13:47:00,2
15388,270,1,140.54,140.54,2011-03-14 13:53:00,2
15389,172,1,500.0,500.0,2011-06-20 16:18:00,2
15392,5,4,1535.53,383.8825,2011-12-05 11:01:00,2
15393,16,2,231.86,115.93,2011-11-23 16:48:00,2
15394,10,4,2183.54,545.885,2011-11-30 11:49:00,2
15395,326,1,107.45,107.45,2011-01-18 12:40:00,2
15396,113,1,288.18,288.18,2011-08-19 10:56:00,2
15397,290,1,94.0,94.0,2011-02-23 09:25:00,2
15398,16,2,1345.53,672.765,2011-11-23 16:47:00,2
15399,1,3,815.77,271.92333333333335,2011-12-08 13:04:00,2
15400,92,5,716.2,143.24,2011-09-08 13:57:00,2
15402,149,2,626.77,313.385,2011-07-14 12:17:00,2
15405,189,1,349.1,349.1,2011-06-03 14:44:00,2
15406,31,2,510.71,255.355,2011-11-08 13:22:00,2
15407,34,4,1056.44,264.11,2011-11-06 11:55:00,2
15408,264,1,267.18,267.18,2011-03-20 15:02:00,2
15410,84,8,3450.84,431.355,2011-09-16 14:47:00,2
15411,26,4,1358.88,339.72,2011-11-13 15:19:00,2
15412,171,1,190.53,190.53,2011-06-21 15:24:00,2
15414,10,3,774.9000000000001,258.3,2011-11-30 09:50:00,2
15415,313,1,572.8100000000001,572.8100000000001,2011-01-30 14:13:00,2
15416,65,4,3984.32,996.08,2011-10-06 09:38:00,2
15417,85,1,508.8,508.8,2011-09-15 15:26:00,2
15419,25,1,135.86,135.86,2011-11-15 09:23:00,2
15421,59,4,950.36,237.59,2011-10-12 09:20:00,2
15422,323,2,97.7,48.85,2011-01-20 16:17:00,2
15423,38,1,43.5,43.5,2011-11-01 14:01:00,2
15424,254,2,383.34,191.67,2011-03-30 13:02:00,2
15426,19,5,1447.39,289.478,2011-11-20 15:36:00,2
15427,33,3,1483.14,494.38000000000005,2011-11-06 14:29:00,2
15428,15,1,93.78,93.78,2011-11-24 16:54:00,2
15429,27,2,397.35,198.675,2011-11-13 12:28:00,2
15432,23,1,171.19,171.19,2011-11-16 16:30:00,2
15433,214,2,533.3,266.65,2011-05-10 10:45:00,2
15434,8,5,1041.48,208.296,2011-12-01 13:33:00,2
15435,22,1,149.29,149.29,2011-11-17 16:39:00,2
15436,12,3,1122.53,374.1766666666667,2011-11-27 16:05:00,2
15437,262,1,200.16,200.16,2011-03-22 13:11:00,2
15438,131,1,156.57999999999998,156.57999999999998,2011-07-31 14:19:00,2
15440,55,3,383.68,127.89333333333332,2011-10-16 12:16:00,2
15442,249,1,594.0,594.0,2011-04-05 12:24:00,2
15443,2,7,3236.91,462.4157142857143,2011-12-08 10:40:00,2
15444,9,2,1418.26,709.13,2011-11-30 17:37:00,2
15445,264,1,113.5,113.5,2011-03-20 15:06:00,2
15447,331,1,155.17,155.17,2011-01-13 11:26:00,2
15448,313,1,494.64,494.64,2011-01-31 10:42:00,2
15449,26,3,974.52,324.84,2011-11-13 15:02:00,2
15450,30,1,429.84,429.84,2011-11-09 17:11:00,2
15452,30,3,538.73,179.57666666666668,2011-11-10 12:13:00,2
15453,2,7,1388.37,198.3385714285714,2011-12-08 10:59:00,2
15454,362,1,179.1,179.1,2010-12-12 14:21:00,2
15456,283,3,447.22,149.07333333333335,2011-03-01 13:51:00,2
15457,262,1,237.07,237.07,2011-03-22 15:31:00,2
15458,25,1,161.64,161.64,2011-11-14 13:08:00,2
15460,354,1,216.76,216.76,2010-12-20 16:08:00,2
15462,94,3,234.6,78.2,2011-09-06 13:11:00,2
15463,29,1,126.14,126.14,2011-11-10 12:57:00,2
15464,338,1,1048.85,1048.85,2011-01-05 15:56:00,2
15465,20,18,7354.62,408.59,2011-11-20 10:11:00,2
15466,85,1,334.53,334.53,2011-09-15 14:08:00,2
15467,9,3,524.88,174.96,2011-11-30 14:17:00,2
15468,51,2,467.51,233.755,2011-10-19 13:49:00,2
15469,50,2,538.55,269.275,2011-10-20 16:21:00,2
15471,2,1,469.48,469.48,2011-12-07 14:12:00,2
15472,113,1,371.56,371.56,2011-08-18 15:17:00,2
15473,14,7,1771.2,253.02857142857144,2011-11-25 15:15:00,2
15475,77,1,454.11,454.11,2011-09-23 15:20:00,2
15478,40,2,1441.42,720.71,2011-10-30 14:19:00,2
15480,116,1,905.5,905.5,2011-08-15 14:32:00,2
15482,16,12,11054.96,921.2466666666666,2011-11-24 10:46:00,2
15483,161,4,233.81,58.4525,2011-07-01 13:07:00,2
15484,1,4,3594.31,898.5775,2011-12-08 15:03:00,2
15485,30,3,2575.0,858.3333333333334,2011-11-09 14:31:00,2
15488,93,1,91.32,91.32,2011-09-08 10:11:00,2
15489,23,3,1134.28,378.0933333333333,2011-11-17 08:53:00,2
15491,95,6,3100.09,516.6816666666667,2011-09-05 15:56:00,2
15492,28,2,659.4599999999999,329.73,2011-11-11 14:53:00,2
15493,33,5,2001.8,400.36,2011-11-07 12:04:00,2
15494,21,2,1299.23,649.615,2011-11-18 14:51:00,2
15497,18,2,1262.2,631.1,2011-11-22 11:51:00,2
15498,3,27,13316.4,493.2,2011-12-07 12:48:00,2
15500,8,4,1131.56,282.89,2011-12-01 13:47:00,2
15502,16,12,10384.93,865.4108333333334,2011-11-24 12:48:00,2
15503,363,1,147.09,147.09,2010-12-12 10:57:00,2
15504,81,1,52.83,52.83,2011-09-19 13:45:00,2
15505,53,5,3610.96,722.192,2011-10-18 07:56:00,2
15506,23,3,979.26,326.42,2011-11-17 12:11:00,2
15507,172,1,492.36,492.36,2011-06-21 11:19:00,2
15508,189,6,1000.27,166.71166666666667,2011-06-03 15:43:00,2
15510,331,1,250.0,250.0,2011-01-13 12:10:00,2
15511,12,5,909.23,181.846,2011-11-28 09:43:00,2
15512,156,2,121.0,60.5,2011-07-07 10:20:00,2
15513,33,19,14758.22,776.7484210526317,2011-11-06 14:36:00,2
15514,12,11,4139.46,376.3145454545455,2011-11-27 14:40:00,2
15516,45,3,62.43,20.81,2011-10-26 10:51:00,2
15517,233,1,267.03,267.03,2011-04-20 14:02:00,2
15518,64,8,1942.45,242.80625,2011-10-06 13:05:00,2
15520,2,1,343.5,343.5,2011-12-08 10:58:00,2
15521,40,8,3000.2,375.025,2011-10-30 13:42:00,2
15522,33,2,398.84,199.42,2011-11-07 11:26:00,2
15523,84,1,412.0100000000001,412.0100000000001,2011-09-16 16:29:00,2
15524,25,1,440.0,440.0,2011-11-15 12:09:00,2
15525,2,3,825.92,275.3066666666667,2011-12-07 14:43:00,2
15526,33,2,148.44,74.22,2011-11-06 15:04:00,2
15527,19,8,2429.78,303.7225,2011-11-21 12:17:00,2
15528,254,1,229.33,229.33,2011-03-30 16:14:00,2
15529,23,11,3995.23,363.20272727272726,2011-11-17 11:29:00,2
15530,22,4,1502.35,375.5875,2011-11-18 12:25:00,2
15531,8,2,2007.44,1003.72,2011-12-01 18:43:00,2
15532,25,4,1580.93,395.2325,2011-11-14 14:51:00,2
15533,19,3,807.57,269.19,2011-11-20 15:35:00,2
15535,173,4,536.4,134.1,2011-06-19 16:02:00,2
15537,163,1,110.92,110.92,2011-06-29 13:10:00,2
15539,7,1,538.46,538.46,2011-12-02 13:36:00,2
15540,11,1,213.3,213.3,2011-11-28 13:51:00,2
15541,114,1,85.13000000000001,85.13000000000001,2011-08-17 14:58:00,2
15543,288,1,127.86,127.86,2011-02-24 15:26:00,2
15544,9,9,3546.71,394.0788888888889,2011-11-30 16:43:00,2
15545,54,2,292.72,146.36,2011-10-16 13:24:00,2
15547,7,14,4954.84,353.9171428571429,2011-12-02 12:52:00,2
15549,77,3,1693.26,564.42,2011-09-23 16:22:00,2
15550,4,4,575.63,143.9075,2011-12-05 15:38:00,2
15551,37,1,436.06,436.06,2011-11-03 12:37:00,2
15552,217,1,90.12,90.12,2011-05-06 14:47:00,2
15553,60,1,437.23,437.23,2011-10-10 14:02:00,2
15554,278,1,217.2,217.2,2011-03-07 09:00:00,2
15555,12,16,4805.17,300.323125,2011-11-27 16:19:00,2
15556,24,1,279.77,279.77,2011-11-15 16:08:00,2
15557,29,1,473.65,473.65,2011-11-11 12:46:00,2
15561,12,4,800.59,200.1475,2011-11-28 11:07:00,2
15562,352,1,134.55,134.55,2010-12-23 09:55:00,2
15563,22,4,1400.44,350.11,2011-11-17 14:50:00,2
15565,50,2,173.16,86.58,2011-10-20 14:33:00,2
15567,19,1,186.01,186.01,2011-11-21 10:48:00,2
15568,3,3,758.29,252.7633333333333,2011-12-07 11:27:00,2
15569,104,5,1375.71,275.142,2011-08-28 10:15:00,2
15570,7,12,4165.52,347.1266666666667,2011-12-02 14:47:00,2
15571,12,4,650.4300000000001,162.60750000000002,2011-11-28 10:02:00,2
15572,5,7,2552.86,364.69428571428574,2011-12-05 10:09:00,2
15573,32,2,607.45,303.725,2011-11-08 11:38:00,2
15574,178,4,702.25,175.5625,2011-06-15 12:01:00,2
15576,38,1,940.67,940.67,2011-11-02 12:03:00,2
15577,151,3,258.88,86.29333333333334,2011-07-11 17:03:00,2
15578,162,1,127.1,127.1,2011-06-30 13:03:00,2
15579,69,2,348.6,174.3,2011-10-02 12:45:00,2
15581,121,13,3679.97,283.0746153846154,2011-08-11 09:38:00,2
15582,25,3,682.9100000000001,227.63666666666668,2011-11-15 09:55:00,2
15584,24,4,725.11,181.2775,2011-11-16 10:55:00,2
15585,177,1,455.3,455.3,2011-06-16 08:38:00,2
15587,50,4,913.68,228.42,2011-10-20 13:37:00,2
15589,256,3,478.53,159.51000000000002,2011-03-29 09:54:00,2
15592,47,1,388.58,388.58,2011-10-24 08:59:00,2
15593,71,1,199.8,199.8,2011-09-30 11:46:00,2
15594,16,5,1771.78,354.356,2011-11-24 08:53:00,2
15596,101,5,1406.59,281.318,2011-08-31 10:55:00,2
15597,35,1,324.57,324.57,2011-11-04 13:26:00,2
15598,53,1,240.68,240.68,2011-10-17 16:04:00,2
15599,27,2,761.74,380.87,2011-11-13 11:44:00,2
15601,11,14,6776.56,484.04,2011-11-28 15:15:00,2
15602,8,9,1297.87,144.20777777777778,2011-12-01 14:14:00,2
15603,79,1,48.48,48.48,2011-09-22 10:04:00,2
15604,52,1,216.39,216.39,2011-10-18 14:47:00,2
15605,36,5,1198.23,239.646,2011-11-03 14:17:00,2
15606,61,9,2920.16,324.4622222222222,2011-10-09 15:47:00,2
15607,337,1,104.76,104.76,2011-01-07 12:44:00,2
15608,28,4,1093.68,273.42,2011-11-11 13:20:00,2
15609,184,1,298.48,298.48,2011-06-08 13:00:00,2
15610,52,1,112.46,112.46,2011-10-19 10:36:00,2
15611,10,13,1591.45,122.41923076923078,2011-11-30 12:36:00,2
15612,36,2,195.15,97.575,2011-11-03 14:52:00,2
15615,10,23,10399.74,452.1626086956522,2011-11-29 14:42:00,2
15618,33,4,776.851,194.21275,2011-11-07 08:34:00,2
15619,11,1,336.40000000000003,336.40000000000003,2011-11-29 08:14:00,2
15620,57,3,1553.18,517.7266666666667,2011-10-14 12:41:00,2
15621,4,4,1293.03,323.2575,2011-12-05 14:01:00,2
15622,43,9,3709.56,412.17333333333335,2011-10-27 16:44:00,2
15623,141,1,301.03,301.03,2011-07-21 17:26:00,2
15624,117,4,588.13,147.0325,2011-08-15 11:38:00,2
15625,104,4,1534.26,383.565,2011-08-28 10:21:00,2
15626,75,2,675.8,337.9,2011-09-26 10:03:00,2
15628,5,9,2870.24,318.9155555555556,2011-12-05 10:24:00,2
15630,45,2,1186.35,593.175,2011-10-25 15:36:00,2
15632,16,8,3285.31,410.66375,2011-11-24 09:51:00,2
15634,17,1,243.55,243.55,2011-11-22 16:28:00,2
15636,90,2,724.76,362.38,2011-09-11 11:17:00,2
15637,53,1,223.36,223.36,2011-10-18 08:28:00,2
15639,134,1,425.32,425.32,2011-07-28 14:30:00,2
15640,4,15,12515.66,834.3773333333334,2011-12-05 14:35:00,2
15641,105,4,1887.2,471.8,2011-08-26 14:04:00,2
15643,192,3,664.0,221.33333333333331,2011-06-01 07:38:00,2
15644,166,4,813.0,203.25,2011-06-26 14:54:00,2
15645,19,1,612.01,612.01,2011-11-21 11:55:00,2
15646,158,3,447.64,149.21333333333334,2011-07-05 09:53:00,2
15648,204,2,657.35,328.675,2011-05-19 15:53:00,2
15649,336,2,816.0,408.0,2011-01-07 13:34:00,2
15651,37,3,646.3,215.4333333333333,2011-11-03 08:41:00,2
15652,91,1,337.74,337.74,2011-09-09 14:22:00,2
15653,93,2,877.4399999999999,438.72,2011-09-08 10:49:00,2
15654,9,2,922.53,461.265,2011-11-30 13:08:00,2
15655,243,1,560.67,560.67,2011-04-10 15:25:00,2
15656,45,4,748.5,187.125,2011-10-25 14:56:00,2
15657,23,1,30.0,30.0,2011-11-17 12:19:00,2
15658,190,5,1024.1,204.82,2011-06-02 15:22:00,2
15659,44,1,306.45,306.45,2011-10-27 09:23:00,2
15660,25,9,1600.86,177.8733333333333,2011-11-14 16:58:00,2
15661,317,2,309.8,154.9,2011-01-26 13:56:00,2
15663,106,1,138.14,138.14,2011-08-25 15:50:00,2
15664,51,1,386.43,386.43,2011-10-20 10:57:00,2
15665,168,2,2242.01,1121.005,2011-06-24 14:57:00,2
15667,40,1,301.32,301.32,2011-10-31 10:56:00,2
15668,218,1,76.32000000000001,76.32000000000001,2011-05-06 10:39:00,2
15669,40,4,684.34,171.085,2011-10-30 16:03:00,2
15670,297,1,173.05,173.05,2011-02-16 10:50:00,2
15671,19,7,2657.13,379.59,2011-11-21 12:43:00,2
15673,88,4,2881.02,720.255,2011-09-12 16:12:00,2
15674,73,5,2446.6,489.32,2011-09-27 15:17:00,2
15675,81,3,323.69,107.89666666666666,2011-09-19 13:48:00,2
15676,19,3,3435.76,1145.253333333333,2011-11-21 12:40:00,2
15677,49,1,657.23,657.23,2011-10-21 15:36:00,2
15678,53,1,352.7,352.7,2011-10-18 09:25:00,2
15679,24,4,781.28,195.32,2011-11-15 16:19:00,2
15680,9,3,1333.68,444.56,2011-11-30 13:46:00,2
15681,25,5,1426.16,285.232,2011-11-14 16:30:00,2
15683,117,1,193.75,193.75,2011-08-14 12:56:00,2
15687,9,9,2993.1,332.56666666666666,2011-12-01 08:33:00,2
15689,120,2,254.1,127.05,2011-08-12 09:37:00,2
15690,4,2,239.76,119.88,2011-12-05 15:59:00,2
15691,252,1,136.8,136.8,2011-04-01 15:13:00,2
15692,28,1,191.04,191.04,2011-11-11 14:12:00,2
15694,1,14,6479.4,462.8142857142857,2011-12-09 09:44:00,2
15695,267,2,409.98,204.99,2011-03-18 08:32:00,2
15696,33,8,2736.46,342.0575,2011-11-06 14:02:00,2
15699,18,1,309.65,309.65,2011-11-22 08:26:00,2
15700,172,2,696.68,348.34,2011-06-20 16:53:00,2
15701,2,4,1542.14,385.535,2011-12-07 14:39:00,2
15703,265,1,211.5,211.5,2011-03-20 10:51:00,2
15704,140,4,2293.62,573.405,2011-07-22 13:35:00,2
15705,201,1,143.1,143.1,2011-05-22 15:37:00,2
15706,64,4,1060.56,265.14,2011-10-07 10:09:00,2
15707,35,4,945.58,236.395,2011-11-04 14:35:00,2
15708,41,7,3364.24,480.6057142857143,2011-10-30 10:54:00,2
15709,284,1,133.25,133.25,2011-03-01 10:38:00,2
15712,9,5,1072.36,214.47200000000004,2011-11-30 14:09:00,2
15713,143,2,356.7,178.35,2011-07-19 13:34:00,2
15714,12,2,330.88,165.44,2011-11-28 11:26:00,2
15716,146,4,1118.81,279.7025,2011-07-17 11:59:00,2
15717,234,1,150.3,150.3,2011-04-19 13:21:00,2
15719,33,13,5045.61,388.1238461538461,2011-11-07 12:29:00,2
15720,24,1,598.73,598.73,2011-11-15 14:48:00,2
15721,12,1,507.08,507.08,2011-11-28 12:14:00,2
15722,36,5,2222.56,444.512,2011-11-04 11:43:00,2
15723,365,1,203.1,203.1,2010-12-10 11:12:00,2
15724,201,2,218.25,109.125,2011-05-22 14:40:00,2
15725,15,1,415.25,415.25,2011-11-24 14:51:00,2
15727,17,7,5178.96,739.8514285714285,2011-11-23 12:36:00,2
15729,213,1,85.0,85.0,2011-05-11 12:36:00,2
15730,66,3,1120.88,373.6266666666667,2011-10-05 12:31:00,2
15732,212,2,294.12,147.06,2011-05-11 14:24:00,2
15733,283,1,162.3,162.3,2011-03-02 09:05:00,2
15734,115,2,1339.45,669.725,2011-08-17 10:50:00,2
15737,15,8,1205.12,150.64,2011-11-25 11:21:00,2
15738,19,16,4812.42,300.77625,2011-11-21 08:26:00,2
15739,66,1,449.12,449.12,2011-10-04 13:42:00,2
15740,49,1,154.88,154.88,2011-10-21 14:29:00,2
15743,16,4,784.46,196.115,2011-11-23 17:19:00,2
15744,78,1,34.8,34.8,2011-09-23 09:52:00,2
15745,19,4,1094.59,273.6475,2011-11-20 13:45:00,2
15746,134,1,196.88,196.88,2011-07-28 15:21:00,2
15747,13,3,974.04,324.68,2011-11-27 12:26:00,2
15748,40,1,149.31,149.31,2011-10-30 12:51:00,2
15749,235,3,44534.3,14844.766666666668,2011-04-18 13:20:00,2
15750,3,8,2465.48,308.185,2011-12-07 12:34:00,2
15752,40,7,2637.38,376.7685714285714,2011-10-31 11:37:00,2
15753,305,1,79.2,79.2,2011-02-08 12:41:00,2
15754,51,3,458.57,152.85666666666663,2011-10-19 14:40:00,2
15755,10,6,2364.25,394.0416666666667,2011-11-29 14:57:00,2
15756,61,4,532.96,133.24,2011-10-09 13:30:00,2
15757,66,2,714.42,357.21,2011-10-05 12:14:00,2
15758,25,1,205.25,205.25,2011-11-15 10:48:00,2
15759,218,3,253.04,84.34666666666666,2011-05-05 15:13:00,2
15762,65,2,583.75,291.875,2011-10-05 16:15:00,2
15763,32,2,1086.92,543.46,2011-11-08 09:44:00,2
15764,88,6,3279.97,546.6616666666666,2011-09-12 17:58:00,2
15766,64,1,315.06,315.06,2011-10-06 17:03:00,2
15768,116,3,621.8299999999999,207.27666666666664,2011-08-16 10:48:00,2
15769,7,26,56252.72,2163.566153846154,2011-12-02 13:52:00,2
15773,6,1,635.6800000000001,635.6800000000001,2011-12-04 12:48:00,2
15774,69,1,270.8,270.8,2011-10-02 12:04:00,2
15775,245,1,104.9,104.9,2011-04-08 12:56:00,2
15776,133,1,241.62,241.62,2011-07-29 13:46:00,2
15777,241,4,1047.11,261.7775,2011-04-12 16:43:00,2
15780,184,3,475.28,158.42666666666668,2011-06-09 12:01:00,2
15781,25,3,345.46,115.15333333333332,2011-11-14 14:57:00,2
15782,10,3,2614.74,871.58,2011-11-30 10:49:00,2
15783,11,1,246.3,246.3,2011-11-29 09:50:00,2
15785,33,5,2328.9700000000003,465.794,2011-11-07 11:33:00,2
15786,46,3,4932.2,1644.0666666666666,2011-10-24 14:13:00,2
15787,26,3,948.05,316.01666666666665,2011-11-13 14:55:00,2
15789,358,1,351.3,351.3,2010-12-16 14:35:00,2
15790,10,1,220.85,220.85,2011-11-29 14:53:00,2
15791,44,2,1612.69,806.345,2011-10-27 10:14:00,2
15793,15,3,965.61,321.87,2011-11-25 09:31:00,2
15795,150,1,610.01,610.01,2011-07-13 10:43:00,2
15796,1,8,2711.56,338.945,2011-12-08 19:55:00,2
15797,113,4,2207.4,551.85,2011-08-18 17:04:00,2
15799,76,3,884.14,294.7133333333333,2011-09-25 12:46:00,2
15800,107,2,699.08,349.54,2011-08-24 14:23:00,2
15801,46,3,1063.95,354.65000000000003,2011-10-24 13:52:00,2
15802,143,1,451.42,451.42,2011-07-20 11:38:00,2
15803,51,1,415.8200000000001,415.8200000000001,2011-10-19 14:56:00,2
15804,1,13,4206.39,323.5684615384616,2011-12-09 12:31:00,2
15805,23,17,5528.4800000000005,325.204705882353,2011-11-16 16:32:00,2
15806,46,3,784.58,261.5266666666667,2011-10-24 14:35:00,2
15807,50,3,903.9,301.3,2011-10-20 14:10:00,2
15808,306,4,3734.97,933.7425,2011-02-06 14:33:00,2
15809,36,5,515.77,103.154,2011-11-03 16:40:00,2
15810,79,4,1391.98,347.995,2011-09-22 09:38:00,2
15811,22,6,2218.62,369.77,2011-11-17 15:31:00,2
15812,107,5,1801.14,360.228,2011-08-24 14:19:00,2
15813,208,2,1303.91,651.9549999999999,2011-05-16 08:13:00,2
15814,17,4,1945.33,486.3325,2011-11-23 08:17:00,2
15815,64,5,2100.6,420.12,2011-10-07 12:42:00,2
15819,49,4,1905.45,476.3625,2011-10-21 14:50:00,2
15820,320,1,206.98,206.98,2011-01-24 12:00:00,2
15821,44,2,570.96,285.48,2011-10-26 15:48:00,2
15822,3,2,885.47,442.735,2011-12-06 14:50:00,2
15823,372,1,15.0,15.0,2010-12-02 15:08:00,2
15825,172,1,532.94,532.94,2011-06-20 13:27:00,2
15826,56,3,1654.31,551.4366666666666,2011-10-14 16:05:00,2
15827,73,14,1836.09,131.14928571428572,2011-09-27 15:35:00,2
15829,99,2,636.14,318.07,2011-09-01 16:45:00,2
15830,38,1,576.0,576.0,2011-11-02 10:40:00,2
15831,58,3,801.76,267.25333333333333,2011-10-12 13:14:00,2
15832,254,1,836.79,836.79,2011-03-30 15:29:00,2
15834,70,4,2233.75,558.4375,2011-09-30 14:41:00,2
15835,44,4,954.09,238.5225,2011-10-26 15:47:00,2
15836,50,1,137.37,137.37,2011-10-20 17:13:00,2
15837,65,1,391.98,391.98,2011-10-06 09:01:00,2
15838,11,19,33643.08,1770.6884210526316,2011-11-28 14:00:00,2
15839,33,3,1048.49,349.49666666666667,2011-11-06 13:54:00,2
15840,59,2,355.56,177.78,2011-10-12 09:08:00,2
15841,73,4,1224.06,306.015,2011-09-28 12:15:00,2
15843,304,1,118.95000000000002,118.95000000000002,2011-02-09 10:19:00,2
15844,46,1,130.73999999999998,130.73999999999998,2011-10-24 15:19:00,2
15845,18,8,3711.77,463.97125,2011-11-22 09:42:00,2
15847,38,2,389.27,194.635,2011-11-01 14:41:00,2
15850,19,2,238.85,119.425,2011-11-20 14:14:00,2
15852,187,2,160.71,80.355,2011-06-06 11:22:00,2
15853,52,1,110.8,110.8,2011-10-19 10:38:00,2
15854,4,12,2974.65,247.8875,2011-12-05 13:39:00,2
15855,137,5,712.24,142.448,2011-07-26 10:20:00,2
15856,4,27,16387.57,606.947037037037,2011-12-05 17:09:00,2
15857,19,1,297.0,297.0,2011-11-21 12:18:00,2
15858,16,5,1438.85,287.77,2011-11-24 12:48:00,2
15860,41,8,977.21,122.15125,2011-10-30 11:25:00,2
15861,12,8,3165.36,395.67,2011-11-27 15:59:00,2
15862,8,4,832.88,208.22,2011-12-01 13:28:00,2
15863,26,2,68.84,34.42,2011-11-14 12:49:00,2
15864,22,6,1936.32,322.72,2011-11-17 13:32:00,2
15865,41,3,895.13,298.37666666666667,2011-10-30 12:43:00,2
15866,101,1,230.53,230.53,2011-08-30 14:09:00,2
15867,5,15,3812.64,254.176,2011-12-04 13:32:00,2
15869,277,2,149.64,74.82,2011-03-07 17:23:00,2
15870,33,1,354.09000000000003,354.09000000000003,2011-11-07 10:58:00,2
15872,15,2,360.93,180.465,2011-11-25 11:55:00,2
15874,64,7,4405.88,629.4114285714286,2011-10-07 12:31:00,2
15877,2,2,493.28,246.64,2011-12-08 11:53:00,2
15880,369,1,343.28000000000003,343.28000000000003,2010-12-05 13:00:00,2
15881,312,5,501.39,100.278,2011-01-31 16:59:00,2
15882,199,4,516.36,129.09,2011-05-25 11:35:00,2
15883,2,2,396.48,198.24,2011-12-07 17:05:00,2
15885,93,3,379.35,126.45,2011-09-08 10:43:00,2
15886,60,1,181.09,181.09,2011-10-10 14:25:00,2
15888,81,1,168.31,168.31,2011-09-20 12:30:00,2
15889,157,2,446.87,223.435,2011-07-06 11:10:00,2
15891,227,1,524.52,524.52,2011-04-27 12:35:00,2
15894,253,2,263.55,131.775,2011-03-31 13:50:00,2
15895,150,1,179.17,179.17,2011-07-13 10:27:00,2
15897,194,2,222.05,111.025,2011-05-29 13:50:00,2
15898,1,5,1388.88,277.776,2011-12-08 15:23:00,2
15899,369,1,56.25,56.25,2010-12-06 10:36:00,2
15900,24,1,351.11,351.11,2011-11-16 12:19:00,2
15901,17,3,363.88,121.29333333333334,2011-11-23 12:43:00,2
15903,10,7,5126.76,732.3942857142857,2011-11-30 08:08:00,2
15904,8,1,164.68,164.68,2011-12-01 14:50:00,2
15906,20,7,1567.69,223.9557142857143,2011-11-20 12:24:00,2
15907,4,3,967.45,322.4833333333333,2011-12-06 12:21:00,2
15909,174,1,191.94,191.94,2011-06-19 10:38:00,2
15910,1,8,1232.18,154.0225,2011-12-09 10:51:00,2
15912,178,2,264.62,132.31,2011-06-14 14:29:00,2
15916,16,8,1528.09,191.01125,2011-11-23 13:46:00,2
15917,248,1,123.1,123.1,2011-04-06 10:40:00,2
15918,191,2,334.23,167.115,2011-06-02 11:42:00,2
15919,20,2,639.89,319.945,2011-11-20 11:28:00,2
15920,154,4,167.5,41.875,2011-07-08 15:31:00,2
15921,173,1,336.03000000000003,336.03000000000003,2011-06-20 11:03:00,2
15922,373,1,369.5,369.5,2010-12-01 13:51:00,2
15923,373,1,127.08,127.08,2010-12-02 12:16:00,2
15925,194,1,207.15,207.15,2011-05-29 15:35:00,2
15930,67,1,426.63,426.63,2011-10-03 14:52:00,2
15932,4,8,2495.87,311.98375,2011-12-05 17:13:00,2
15933,21,3,1107.46,369.15333333333336,2011-11-18 13:14:00,2
15935,239,2,416.86,208.43,2011-04-14 13:27:00,2
15937,64,1,145.35,145.35,2011-10-06 15:48:00,2
15938,112,5,404.58,80.916,2011-08-19 12:56:00,2
15939,90,15,6115.01,407.6673333333334,2011-09-11 11:30:00,2
15940,311,1,35.8,35.8,2011-02-01 16:18:00,2
15942,134,1,337.44,337.44,2011-07-29 09:01:00,2
15944,277,1,325.1,325.1,2011-03-08 10:33:00,2
15945,365,1,181.0,181.0,2010-12-09 13:14:00,2
15947,83,1,1708.24,1708.24,2011-09-18 10:46:00,2
15948,8,2,955.24,477.62,2011-12-01 15:32:00,2
15949,17,2,364.72,182.36,2011-11-23 09:09:00,2
15950,32,4,1765.51,441.3775,2011-11-08 11:09:00,2
15951,9,2,708.22,354.11,2011-12-01 08:34:00,2
15952,34,4,806.57,201.6425,2011-11-06 11:18:00,2
15953,15,8,1659.38,207.4225,2011-11-24 15:32:00,2
15955,24,14,4416.26,315.44714285714286,2011-11-15 14:15:00,2
15957,32,1,428.89,428.89,2011-11-08 12:14:00,2
15958,74,1,104.35,104.35,2011-09-26 13:41:00,2
15963,20,2,470.76,235.38,2011-11-20 11:33:00,2
15965,17,4,845.64,211.41,2011-11-22 16:44:00,2
15967,23,2,418.83,209.415,2011-11-16 15:41:00,2
15969,3,3,666.1,222.03333333333333,2011-12-07 11:06:00,2
15970,304,1,314.1,314.1,2011-02-09 12:08:00,2
15971,18,12,4199.85,349.9875,2011-11-22 12:50:00,2
15973,367,1,307.82000000000005,307.82000000000005,2010-12-08 11:42:00,2
15974,39,7,3442.15,491.7357142857143,2011-10-31 13:13:00,2
15975,84,1,371.01,371.01,2011-09-16 13:33:00,2
15976,165,2,430.94,215.47,2011-06-27 13:00:00,2
15977,17,2,1054.73,527.365,2011-11-22 13:29:00,2
15978,77,1,1098.78,1098.78,2011-09-23 15:21:00,2
15980,89,3,2398.86,799.62,2011-09-12 09:41:00,2
15981,25,8,3408.48,426.06,2011-11-15 08:00:00,2
15983,22,4,1475.02,368.755,2011-11-17 17:34:00,2
15984,3,10,2837.67,283.767,2011-12-07 12:16:00,2
15985,123,2,1142.42,571.21,2011-08-08 16:31:00,2
15986,30,1,168.12,168.12,2011-11-09 15:17:00,2
15987,12,7,1451.28,207.32571428571427,2011-11-27 15:38:00,2
15988,19,1,158.03,158.03,2011-11-20 13:23:00,2
15990,44,2,792.11,396.055,2011-10-26 15:58:00,2
15992,4,1,41.99,41.99,2011-12-06 11:00:00,2
15993,9,7,2797.57,399.6528571428572,2011-12-01 10:45:00,2
15994,55,1,427.07,427.07,2011-10-16 12:28:00,2
15996,88,6,1060.68,176.78,2011-09-12 15:14:00,2
15998,37,5,3089.97,617.9939999999999,2011-11-03 12:45:00,2
16000,3,3,12393.7,4131.233333333334,2011-12-07 12:17:00,2
16003,30,5,2735.37,547.074,2011-11-10 09:57:00,2
16005,12,4,615.39,153.8475,2011-11-27 13:47:00,2
16006,211,1,101.4,101.4,2011-05-12 13:12:00,2
16007,48,4,1701.94,425.485,2011-10-23 11:05:00,2
16008,24,3,478.78,159.59333333333333,2011-11-16 10:32:00,2
16009,22,4,992.71,248.1775,2011-11-17 16:51:00,2
16010,246,3,407.5,135.83333333333334,2011-04-08 10:14:00,2
16011,8,16,3362.71,210.169375,2011-12-01 16:31:00,2
16012,35,3,1415.29,471.7633333333333,2011-11-04 13:25:00,2
16013,4,47,37130.6,790.0127659574467,2011-12-06 10:36:00,2
16014,38,3,662.38,220.7933333333333,2011-11-02 12:04:00,2
16015,4,3,705.39,235.13,2011-12-06 10:58:00,2
16016,3,8,1508.76,188.595,2011-12-06 14:35:00,2
16017,47,1,211.88,211.88,2011-10-23 12:56:00,2
16018,39,2,408.9,204.45,2011-10-31 14:13:00,2
16019,47,9,3786.24,420.6933333333334,2011-10-24 11:51:00,2
16020,17,3,851.01,283.67,2011-11-23 11:18:00,2
16022,260,1,628.28,628.28,2011-03-24 13:16:00,2
16023,46,3,719.81,239.93666666666664,2011-10-24 16:34:00,2
16024,12,1,251.24,251.24,2011-11-27 13:26:00,2
16025,30,1,439.66,439.66,2011-11-10 11:45:00,2
16026,43,1,236.09,236.09,2011-10-27 13:53:00,2
16027,92,6,934.62,155.77,2011-09-09 10:47:00,2
16029,39,63,81024.84,1286.1085714285714,2011-11-01 10:27:00,2
16030,310,1,331.24,331.24,2011-02-03 11:28:00,2
16031,92,2,548.94,274.47,2011-09-08 13:07:00,2
16033,6,20,8816.4,440.82,2011-12-04 12:44:00,2
16034,196,3,437.7,145.9,2011-05-27 16:17:00,2
16036,87,2,758.92,379.46,2011-09-13 14:53:00,2
16037,270,3,855.02,285.00666666666666,2011-03-15 09:13:00,2
16038,8,3,471.78,157.26000000000002,2011-12-02 12:40:00,2
16040,65,3,1313.55,437.85,2011-10-05 13:47:00,2
16041,31,3,3166.4,1055.4666666666667,2011-11-09 12:25:00,2
16042,22,5,1197.27,239.454,2011-11-17 17:50:00,2
16043,38,4,773.99,193.4975,2011-11-02 12:50:00,2
16045,120,4,1340.7,335.175,2011-08-12 12:41:00,2
16048,373,2,256.44,128.22,2010-12-01 15:28:00,2
16049,40,3,1111.79,370.5966666666666,2011-10-30 13:19:00,2
16050,174,1,137.9,137.9,2011-06-19 11:44:00,2
16052,54,1,362.06,362.06,2011-10-16 15:13:00,2
16053,33,2,1511.95,755.975,2011-11-07 11:21:00,2
16054,145,1,783.9,783.9,2011-07-17 13:08:00,2
16055,221,1,134.8,134.8,2011-05-03 09:26:00,2
16056,45,1,664.85,664.85,2011-10-25 15:19:00,2
16057,16,7,2263.12,323.30285714285714,2011-11-23 15:23:00,2
16059,66,6,1459.86,243.31000000000003,2011-10-05 09:56:00,2
16062,10,4,1153.62,288.405,2011-11-30 12:15:00,2
16063,260,1,335.32,335.32,2011-03-24 14:56:00,2
16065,365,1,372.09,372.09,2010-12-09 13:03:00,2
16066,17,5,1521.87,304.374,2011-11-23 11:54:00,2
16070,22,2,852.15,426.075,2011-11-17 15:50:00,2
16071,45,1,326.24,326.24,2011-10-26 11:14:00,2
16072,288,1,584.3199999999999,584.3199999999999,2011-02-24 14:32:00,2
16073,297,1,122.4,122.4,2011-02-15 15:41:00,2
16076,3,10,2234.73,223.473,2011-12-06 14:59:00,2
16078,284,1,79.2,79.2,2011-03-01 09:47:00,2
16079,17,3,1352.0,450.6666666666667,2011-11-23 12:48:00,2
16080,82,2,217.16,108.58,2011-09-19 10:42:00,2
16081,56,5,2806.9,561.38,2011-10-14 13:06:00,2
16083,101,2,1317.62,658.81,2011-08-31 10:47:00,2
16084,299,1,436.18,436.18,2011-02-13 16:05:00,2
16085,23,5,981.51,196.302,2011-11-16 13:24:00,2
16086,59,5,1121.39,224.278,2011-10-11 13:09:00,2
16091,155,2,315.06,157.53,2011-07-08 08:45:00,2
16092,115,3,817.86,272.62,2011-08-17 10:46:00,2
16093,107,1,17.0,17.0,2011-08-25 11:09:00,2
16094,12,4,1078.23,269.5575,2011-11-28 12:45:00,2
16096,264,1,320.62,320.62,2011-03-20 13:38:00,2
16097,240,1,185.05,185.05,2011-04-13 13:47:00,2
16098,88,7,2005.63,286.5185714285714,2011-09-13 09:59:00,2
16099,50,3,731.9,243.96666666666667,2011-10-20 13:13:00,2
16101,71,1,1290.7,1290.7,2011-09-30 10:18:00,2
16102,42,3,1842.14,614.0466666666667,2011-10-28 13:19:00,2
16103,7,6,1429.64,238.2733333333333,2011-12-02 14:16:00,2
16104,62,1,302.36,302.36,2011-10-09 10:23:00,2
16105,249,1,336.96,336.96,2011-04-05 10:13:00,2
16106,66,1,108.38,108.38,2011-10-05 10:37:00,2
16107,18,7,3204.1600000000003,457.7371428571429,2011-11-22 09:40:00,2
16108,85,1,842.5,842.5,2011-09-16 11:48:00,2
16109,219,2,611.88,305.94,2011-05-05 09:17:00,2
16110,45,3,1337.48,445.82666666666665,2011-10-25 14:35:00,2
16112,143,4,195.74,48.935,2011-07-19 14:28:00,2
16113,183,1,161.38,161.38,2011-06-09 16:16:00,2
16114,171,1,135.75000000000003,135.75000000000003,2011-06-22 10:13:00,2
16115,10,8,1667.97,208.49625,2011-11-30 11:32:00,2
16116,212,1,612.78,612.78,2011-05-12 12:01:00,2
16117,190,1,232.21,232.21,2011-06-03 11:42:00,2
16119,8,2,423.36,211.68,2011-12-01 15:11:00,2
16120,59,4,1309.14,327.285,2011-10-11 14:22:00,2
16121,57,2,867.11,433.555,2011-10-13 12:59:00,2
16122,73,4,684.4200000000001,171.10500000000002,2011-09-27 15:34:00,2
16123,52,1,307.78,307.78,2011-10-19 09:18:00,2
16124,317,1,249.0,249.0,2011-01-26 14:45:00,2
16125,367,1,289.35,289.35,2010-12-07 15:48:00,2
16126,29,4,6287.77,1571.9425,2011-11-10 16:03:00,2
16127,39,1,656.25,656.25,2011-10-31 13:58:00,2
16128,18,5,1880.22,376.044,2011-11-22 11:14:00,2
16131,52,6,3506.54,584.4233333333333,2011-10-19 11:53:00,2
16133,4,33,14589.04,442.0921212121213,2011-12-06 11:24:00,2
16134,22,2,618.09,309.045,2011-11-18 10:05:00,2
16135,263,1,517.55,517.55,2011-03-22 12:30:00,2
16136,60,3,709.38,236.46,2011-10-11 09:10:00,2
16139,19,3,635.41,211.8033333333333,2011-11-21 08:37:00,2
16140,66,2,725.18,362.59,2011-10-05 12:15:00,2
16141,88,1,620.4,620.4,2011-09-12 13:11:00,2
16142,250,1,535.34,535.34,2011-04-04 10:16:00,2
16143,3,6,2424.94,404.1566666666667,2011-12-06 14:13:00,2
16144,247,1,175.2,175.2,2011-04-07 10:09:00,2
16145,9,11,3799.49,345.40818181818184,2011-12-01 10:33:00,2
16146,157,3,734.13,244.71,2011-07-05 14:20:00,2
16147,134,1,375.0,375.0,2011-07-29 09:57:00,2
16148,296,1,76.32000000000001,76.32000000000001,2011-02-16 14:01:00,2
16149,5,2,280.52,140.26,2011-12-05 11:29:00,2
16150,43,5,2053.02,410.604,2011-10-28 12:39:00,2
16152,269,1,1829.04,1829.04,2011-03-16 09:47:00,2
16153,50,5,1824.23,364.846,2011-10-21 10:50:00,2
16156,9,9,3122.04,346.8933333333333,2011-12-01 12:42:00,2
16157,16,3,656.69,218.89666666666668,2011-11-24 11:41:00,2
16159,282,1,348.2,348.2,2011-03-03 12:27:00,2
16160,65,2,1025.44,512.72,2011-10-05 14:19:00,2
16161,2,19,5575.56,293.4505263157895,2011-12-08 12:10:00,2
16162,252,1,37.4,37.4,2011-04-01 15:03:00,2
16163,232,2,856.6,428.3,2011-04-21 15:15:00,2
16164,17,3,822.48,274.16,2011-11-22 15:04:00,2
16168,11,27,3787.6,140.28148148148148,2011-11-29 12:45:00,2
16169,8,4,1822.97,455.7425,2011-12-01 15:28:00,2
16170,51,6,1885.05,314.175,2011-10-20 08:21:00,2
16171,59,1,73.2,73.2,2011-10-11 14:51:00,2
16172,95,5,1140.21,228.042,2011-09-05 13:22:00,2
16173,16,6,1418.32,236.38666666666663,2011-11-24 10:53:00,2
16174,126,3,1009.55,336.5166666666667,2011-08-05 13:26:00,2
16175,94,4,1037.59,259.3975,2011-09-06 14:32:00,2
16177,50,1,331.95,331.95,2011-10-20 12:57:00,2
16178,138,1,197.9,197.9,2011-07-24 16:05:00,2
16179,61,1,215.83,215.83,2011-10-10 09:41:00,2
16180,100,8,10254.18,1281.7725,2011-08-31 16:28:00,2
16181,73,1,305.54,305.54,2011-09-27 13:38:00,2
16182,72,4,6617.65,1654.4125,2011-09-28 13:23:00,2
16183,67,1,338.71000000000004,338.71000000000004,2011-10-03 14:59:00,2
16184,64,6,1158.79,193.13166666666663,2011-10-06 17:43:00,2
16185,17,2,529.41,264.705,2011-11-23 09:41:00,2
16186,23,12,4006.94,333.9116666666667,2011-11-17 12:43:00,2
16187,32,15,6911.4400000000005,460.7626666666667,2011-11-08 09:50:00,2
16188,45,4,981.86,245.465,2011-10-26 12:19:00,2
16189,16,2,215.48,107.74,2011-11-24 11:47:00,2
16190,40,1,215.08,215.08,2011-10-30 15:59:00,2
16191,3,13,5180.52,398.5015384615385,2011-12-07 11:26:00,2
16193,237,1,314.45,314.45,2011-04-17 11:45:00,2
16198,75,1,400.681,400.681,2011-09-25 14:58:00,2
16200,4,2,1080.62,540.3100000000001,2011-12-05 14:40:00,2
16201,3,4,1863.47,465.8675,2011-12-06 16:02:00,2
16202,361,1,365.27,365.27,2010-12-14 10:43:00,2
16203,59,4,592.9,148.225,2011-10-12 12:31:00,2
16204,23,1,405.71,405.71,2011-11-16 13:40:00,2
16205,31,4,761.38,190.345,2011-11-09 09:32:00,2
16206,55,4,537.0600000000001,134.265,2011-10-16 10:41:00,2
16207,25,1,394.38,394.38,2011-11-14 13:51:00,2
16208,45,2,664.26,332.13,2011-10-26 11:36:00,2
16209,89,5,2262.62,452.524,2011-09-12 11:58:00,2
16210,2,18,21086.3,1171.461111111111,2011-12-08 12:36:00,2
16211,89,1,547.02,547.02,2011-09-12 12:11:00,2
16212,19,2,690.34,345.17,2011-11-20 13:00:00,2
16213,79,1,159.0,159.0,2011-09-22 10:03:00,2
16214,171,3,1062.75,354.25,2011-06-22 11:30:00,2
16215,81,1,242.35,242.35,2011-09-20 10:18:00,2
16216,267,1,914.93,914.93,2011-03-17 15:34:00,2
16217,235,2,304.25,152.125,2011-04-18 13:31:00,2
16218,30,7,3084.68,440.6685714285714,2011-11-10 09:59:00,2
16221,37,3,864.86,288.2866666666667,2011-11-03 11:43:00,2
16222,318,1,846.72,846.72,2011-01-25 13:38:00,2
16224,57,4,1295.3,323.825,2011-10-13 17:51:00,2
16225,45,5,1096.32,219.264,2011-10-26 08:30:00,2
16226,203,3,255.12,85.04,2011-05-20 14:41:00,2
16227,225,1,314.22,314.22,2011-04-28 13:33:00,2
16229,87,2,1010.6,505.3,2011-09-13 17:16:00,2
16230,190,2,542.03,271.015,2011-06-03 10:06:00,2
16232,44,4,990.88,247.72,2011-10-27 12:16:00,2
16233,71,3,536.6800000000001,178.89333333333337,2011-09-29 17:27:00,2
16235,41,5,867.31,173.462,2011-10-30 10:56:00,2
16236,78,1,432.2,432.2,2011-09-22 14:10:00,2
16239,57,2,414.2,207.1,2011-10-14 08:29:00,2
16240,24,2,3718.8,1859.4,2011-11-15 14:30:00,2
16241,10,13,2607.87,200.6053846153846,2011-11-30 11:08:00,2
16242,8,7,3603.21,514.7442857142858,2011-12-01 15:12:00,2
16243,34,2,409.1,204.55,2011-11-06 12:32:00,2
16244,212,2,1522.75,761.375,2011-05-12 10:18:00,2
16245,24,3,1413.66,471.22,2011-11-16 10:14:00,2
16247,170,1,114.56,114.56,2011-06-22 14:23:00,2
16248,62,1,152.94,152.94,2011-10-09 11:32:00,2
16249,53,5,1800.07,360.014,2011-10-18 10:07:00,2
16250,261,2,389.44,194.72,2011-03-23 15:07:00,2
16253,67,2,3683.86,1841.93,2011-10-04 09:09:00,2
16255,17,8,2619.91,327.48875,2011-11-23 12:40:00,2
16256,267,1,752.4300000000001,752.4300000000001,2011-03-18 12:18:00,2
16257,177,1,46.95,46.95,2011-06-16 10:11:00,2
16258,45,5,5203.51,1040.702,2011-10-25 13:30:00,2
16260,51,1,1035.45,1035.45,2011-10-20 09:40:00,2
16261,17,4,746.83,186.7075,2011-11-22 17:23:00,2
16265,9,9,5447.0,605.2222222222222,2011-11-30 16:41:00,2
16266,74,7,861.89,123.12714285714286,2011-09-27 12:08:00,2
16268,71,2,667.65,333.825,2011-09-29 18:30:00,2
16270,353,1,1141.24,1141.24,2010-12-21 14:26:00,2
16271,3,5,1429.24,285.848,2011-12-07 12:45:00,2
16272,117,1,411.7,411.7,2011-08-15 10:54:00,2
16274,373,1,357.95,357.95,2010-12-01 15:35:00,2
16275,197,1,559.87,559.87,2011-05-27 12:41:00,2
16276,177,1,810.6000000000001,810.6000000000001,2011-06-16 09:34:00,2
16278,100,1,566.38,566.38,2011-08-31 17:12:00,2
16279,21,3,1509.58,503.1933333333333,2011-11-18 15:00:00,2
16281,72,1,2062.06,2062.06,2011-09-28 14:57:00,2
16282,340,1,168.3,168.3,2011-01-04 11:42:00,2
16283,6,5,1570.81,314.162,2011-12-04 12:08:00,2
16284,31,2,823.97,411.985,2011-11-08 16:12:00,2
16287,170,1,142.5,142.5,2011-06-23 09:08:00,2
16292,122,1,302.25,302.25,2011-08-10 12:24:00,2
16293,22,10,2248.99,224.89900000000003,2011-11-18 09:58:00,2
16295,10,4,1328.55,332.1375,2011-11-30 08:17:00,2
16297,269,1,301.9,301.9,2011-03-16 08:29:00,2
16298,23,3,598.2,199.4,2011-11-17 11:59:00,2
16302,127,1,233.22,233.22,2011-08-05 09:44:00,2
16303,26,3,5360.63,1786.8766666666668,2011-11-14 10:49:00,2
16305,139,1,361.22,361.22,2011-07-24 12:18:00,2
16306,214,6,632.27,105.37833333333332,2011-05-10 12:12:00,2
16308,38,4,2560.0,640.0,2011-11-02 11:24:00,2
16309,106,2,706.57,353.285,2011-08-25 15:35:00,2
16311,18,2,616.26,308.13,2011-11-22 08:54:00,2
16313,3,2,274.15000000000003,137.07500000000002,2011-12-06 13:02:00,2
16315,331,1,226.37,226.37,2011-01-13 11:57:00,2
16316,64,8,2938.91,367.36375,2011-10-06 13:48:00,2
16317,120,3,1341.65,447.2166666666667,2011-08-12 12:46:00,2
16318,35,1,328.15,328.15,2011-11-04 13:05:00,2
16319,218,1,404.4,404.4,2011-05-06 11:27:00,2
16320,172,2,1038.46,519.23,2011-06-20 15:25:00,2
16321,72,5,373.65,74.73,2011-09-28 14:55:00,2
16322,1,2,326.75,163.375,2011-12-08 15:41:00,2
16323,196,1,207.50000000000003,207.50000000000003,2011-05-27 14:48:00,2
16324,128,3,428.68,142.89333333333337,2011-08-03 12:58:00,2
16325,47,3,594.24,198.08,2011-10-24 08:48:00,2
16326,6,14,3110.96,222.21142857142857,2011-12-04 10:11:00,2
16327,14,6,3844.22,640.7033333333333,2011-11-25 13:23:00,2
16330,18,3,251.91,83.97,2011-11-22 12:24:00,2
16332,28,7,1593.2,227.6,2011-11-11 14:22:00,2
16333,8,22,26626.8,1210.3090909090909,2011-12-02 12:19:00,2
16337,37,1,151.05,151.05,2011-11-03 10:03:00,2
16338,157,1,214.8,214.8,2011-07-05 13:56:00,2
16339,284,1,109.95,109.95,2011-02-28 13:41:00,2
16340,107,1,549.07,549.07,2011-08-24 14:53:00,2
16341,25,4,1971.87,492.9675,2011-11-15 09:12:00,2
16342,75,4,322.41,80.6025,2011-09-25 14:36:00,2
16343,16,2,370.48,185.24,2011-11-23 17:45:00,2
16344,158,1,101.1,101.1,2011-07-04 15:50:00,2
16345,44,1,575.41,575.41,2011-10-26 16:03:00,2
16347,11,2,887.65,443.825,2011-11-28 13:14:00,2
16348,32,7,1469.45,209.92142857142855,2011-11-07 15:44:00,2
16349,291,1,53.5,53.5,2011-02-22 12:40:00,2
16350,21,4,1116.47,279.1175,2011-11-18 15:53:00,2
16351,333,1,153.9,153.9,2011-01-11 10:26:00,2
16352,18,2,494.44,247.22,2011-11-22 10:32:00,2
16353,4,23,6675.71,290.24826086956523,2011-12-06 12:23:00,2
16354,63,2,395.8,197.9,2011-10-07 14:28:00,2
16356,198,3,211.77,70.59,2011-05-26 11:51:00,2
16357,33,3,658.88,219.6266666666667,2011-11-06 16:04:00,2
16358,1,4,2027.5,506.875,2011-12-08 15:09:00,2
16359,7,9,1750.92,194.54666666666668,2011-12-02 17:04:00,2
16360,5,6,3512.53,585.4216666666667,2011-12-05 12:16:00,2
16361,10,4,896.66,224.165,2011-11-30 12:32:00,2
16362,32,5,734.77,146.954,2011-11-07 13:01:00,2
16363,53,1,109.36,109.36,2011-10-17 14:14:00,2
16364,12,2,707.04,353.52,2011-11-28 11:27:00,2
16365,18,9,1540.42,171.1577777777778,2011-11-22 11:24:00,2
16366,19,1,327.3,327.3,2011-11-21 08:19:00,2
16367,37,2,804.49,402.245,2011-11-02 13:13:00,2
16368,2,2,497.43,248.715,2011-12-07 13:12:00,2
16369,18,3,1553.66,517.8866666666667,2011-11-21 16:25:00,2
16370,82,4,1320.56,330.14,2011-09-18 15:55:00,2
16372,33,2,367.93,183.965,2011-11-06 13:08:00,2
16374,66,2,473.03,236.515,2011-10-04 15:21:00,2
16376,9,2,987.01,493.505,2011-12-01 11:38:00,2
16377,267,1,676.2,676.2,2011-03-17 15:41:00,2
16378,247,3,362.95,120.98333333333332,2011-04-06 15:07:00,2
16379,4,4,2157.4,539.35,2011-12-05 15:38:00,2
16380,61,1,1780.59,1780.59,2011-10-09 15:40:00,2
16383,75,2,668.36,334.18,2011-09-26 12:45:00,2
16384,90,2,584.5,292.25,2011-09-11 11:19:00,2
16385,60,3,555.89,185.29666666666665,2011-10-10 13:12:00,2
16386,29,2,317.2,158.6,2011-11-11 12:28:00,2
16387,323,1,94.36,94.36,2011-01-21 11:34:00,2
16389,53,4,1382.07,345.5175,2011-10-17 14:41:00,2
16392,270,1,221.19,221.19,2011-03-15 12:11:00,2
16393,2,13,3046.21,234.32384615384612,2011-12-07 12:51:00,2
16394,57,5,1555.34,311.068,2011-10-14 09:48:00,2
16395,61,5,1486.9,297.38,2011-10-10 12:50:00,2
16398,154,2,1705.8,852.9,2011-07-08 15:16:00,2
16399,19,2,408.57,204.285,2011-11-20 16:12:00,2
16400,95,1,303.93,303.93,2011-09-06 12:27:00,2
16401,1,12,4098.32,341.52666666666664,2011-12-08 18:15:00,2
16402,265,2,299.6,149.8,2011-03-20 12:25:00,2
16403,312,1,177.5,177.5,2011-01-31 13:39:00,2
16404,70,1,443.05,443.05,2011-09-30 14:55:00,2
16405,302,2,167.25,83.625,2011-02-10 15:24:00,2
16406,19,1,163.07,163.07,2011-11-21 11:57:00,2
16407,13,10,2126.93,212.693,2011-11-27 11:05:00,2
16409,36,5,2028.88,405.776,2011-11-03 16:45:00,2
16411,19,2,214.65,107.325,2011-11-20 13:23:00,2
16412,54,1,151.83,151.83,2011-10-17 12:35:00,2
16413,57,1,262.2,262.2,2011-10-14 12:08:00,2
16414,22,2,126.25,63.125,2011-11-18 09:42:00,2
16415,44,1,210.35,210.35,2011-10-26 13:35:00,2
16416,27,3,1051.4,350.4666666666667,2011-11-13 12:50:00,2
16418,45,3,675.27,225.09,2011-10-26 12:39:00,2
16419,113,6,972.23,162.03833333333333,2011-08-19 12:33:00,2
16422,17,51,34684.4,680.086274509804,2011-11-22 14:00:00,2
16423,25,1,346.12,346.12,2011-11-15 09:21:00,2
16424,191,1,133.56,133.56,2011-06-01 13:40:00,2
16425,302,1,302.7,302.7,2011-02-10 14:30:00,2
16426,2,10,1908.25,190.825,2011-12-07 14:01:00,2
16427,263,2,241.06,120.53,2011-03-21 17:10:00,2
16429,106,1,284.55,284.55,2011-08-25 13:54:00,2
16430,57,1,300.85,300.85,2011-10-13 14:47:00,2
16431,213,3,642.81,214.27,2011-05-10 14:09:00,2
16432,64,1,287.4,287.4,2011-10-06 13:59:00,2
16433,28,1,184.26,184.26,2011-11-11 14:09:00,2
16434,29,7,1522.25,217.4642857142857,2011-11-10 14:28:00,2
16438,6,5,798.35,159.67000000000002,2011-12-04 10:51:00,2
16440,8,5,3640.67,728.134,2011-12-02 12:02:00,2
16441,67,2,381.2,190.6,2011-10-03 17:48:00,2
16442,2,3,616.79,205.59666666666664,2011-12-08 11:43:00,2
16444,46,4,654.67,163.6675,2011-10-24 13:50:00,2
16445,34,1,230.51,230.51,2011-11-06 12:32:00,2
16446,1,2,168472.5,84236.25,2011-12-09 09:15:00,0
16447,136,1,259.01,259.01,2011-07-27 12:45:00,2
16448,198,1,188.89,188.89,2011-05-25 16:28:00,2
16449,198,2,707.69,353.845,2011-05-26 10:25:00,2
16450,150,1,311.92,311.92,2011-07-13 11:47:00,2
16451,88,1,266.97,266.97,2011-09-13 09:17:00,2
16454,45,2,6.9,3.45,2011-10-26 11:40:00,2
16455,64,7,1841.18,263.0257142857143,2011-10-07 12:17:00,2
16456,99,5,2158.37,431.674,2011-09-01 13:50:00,2
16457,218,1,208.36,208.36,2011-05-05 13:19:00,2
16458,3,18,3482.74,193.4855555555556,2011-12-07 09:34:00,2
16460,28,3,814.72,271.5733333333333,2011-11-11 13:46:00,2
16461,178,1,151.42,151.42,2011-06-15 12:07:00,2
16462,74,3,136.0,45.333333333333336,2011-09-27 10:24:00,2
16463,21,4,1422.4,355.6,2011-11-18 14:01:00,2
16464,20,3,1314.68,438.2266666666667,2011-11-20 12:11:00,2
16466,34,7,1603.46,229.06571428571428,2011-11-06 11:35:00,2
16468,74,1,74.9,74.9,2011-09-26 14:13:00,2
16469,24,4,650.43,162.6075,2011-11-16 12:25:00,2
16470,52,4,762.39,190.5975,2011-10-19 12:11:00,2
16471,275,1,223.95,223.95,2011-03-10 09:41:00,2
16473,165,3,316.11,105.37,2011-06-28 09:10:00,2
16474,7,7,1871.5,267.35714285714283,2011-12-02 13:02:00,2
16475,88,4,544.3,136.075,2011-09-12 14:37:00,2
16477,64,7,2494.46,356.3514285714286,2011-10-07 09:44:00,2
16478,25,3,331.0,110.33333333333331,2011-11-14 15:51:00,2
16479,10,2,300.83,150.415,2011-11-29 13:40:00,2
16480,76,1,769.29,769.29,2011-09-25 11:40:00,2
16482,16,1,220.62,220.62,2011-11-24 12:33:00,2
16483,192,1,139.35,139.35,2011-05-31 13:08:00,2
16484,174,2,404.3,202.15,2011-06-19 12:06:00,2
16485,77,1,363.65,363.65,2011-09-23 15:50:00,2
16488,33,3,498.8,166.26666666666668,2011-11-06 13:42:00,2
16491,47,1,731.5,731.5,2011-10-24 10:18:00,2
16493,80,4,1351.63,337.9075,2011-09-21 11:10:00,2
16494,297,1,826.53,826.53,2011-02-16 12:49:00,2
16495,3,3,684.41,228.13666666666663,2011-12-06 13:20:00,2
16496,9,3,1599.52,533.1733333333333,2011-12-01 10:31:00,2
16497,50,6,2965.69,494.2816666666667,2011-10-21 10:55:00,2
16498,161,2,100.97,50.485,2011-07-01 15:07:00,2
16499,360,2,365.45,182.725,2010-12-14 13:31:00,2
16500,5,6,400.86,66.81,2011-12-05 12:04:00,2
16503,107,4,1431.93,357.9825,2011-08-25 11:46:00,2
16504,25,1,484.38,484.38,2011-11-14 15:18:00,2
16505,32,1,777.6,777.6,2011-11-08 12:14:00,2
16506,20,2,90.3,45.150000000000006,2011-11-20 12:17:00,2
16509,297,1,363.7,363.7,2011-02-16 09:25:00,2
16510,372,1,248.1,248.1,2010-12-02 13:39:00,2
16511,22,3,950.26,316.75333333333333,2011-11-18 10:41:00,2
16513,5,4,874.59,218.6475,2011-12-05 10:18:00,2
16515,52,5,1627.13,325.42600000000004,2011-10-18 13:10:00,2
16516,30,1,101.7,101.7,2011-11-09 14:59:00,2
16517,277,1,162.7,162.7,2011-03-07 13:50:00,2
16518,61,2,484.32,242.16,2011-10-09 15:04:00,2
16519,25,2,215.08,107.54,2011-11-14 15:41:00,2
16520,186,3,1046.57,348.8566666666666,2011-06-06 13:24:00,2
16523,2,21,9418.47,448.4985714285715,2011-12-08 09:06:00,2
16525,2,26,13027.45,501.0557692307693,2011-12-07 15:07:00,2
16526,172,1,290.36,290.36,2011-06-21 12:02:00,2
16527,81,1,228.06,228.06,2011-09-19 16:21:00,2
16528,4,1,244.41,244.41,2011-12-06 12:45:00,2
16529,190,1,455.25,455.25,2011-06-02 17:23:00,2
16531,22,7,1244.59,177.79857142857142,2011-11-17 16:29:00,2
16532,18,3,6748.8,2249.6,2011-11-22 11:08:00,2
16533,19,3,1095.56,365.18666666666667,2011-11-20 13:08:00,2
16535,5,1,593.75,593.75,2011-12-04 15:18:00,2
16536,110,1,548.97,548.97,2011-08-21 15:54:00,2
16539,3,4,1388.81,347.2025,2011-12-07 08:41:00,2
16542,54,1,119.62,119.62,2011-10-17 10:47:00,2
16545,165,1,339.3,339.3,2011-06-28 10:37:00,2
16546,291,2,787.15,393.575,2011-02-22 11:20:00,2
16549,10,10,4154.64,415.46400000000006,2011-11-29 15:06:00,2
16550,109,5,2298.97,459.794,2011-08-23 11:12:00,2
16551,96,3,922.12,307.37333333333333,2011-09-05 09:38:00,2
16552,243,2,379.73,189.865,2011-04-11 10:04:00,2
16553,163,12,5719.82,476.6516666666666,2011-06-29 15:42:00,2
16554,42,3,837.1,279.03333333333336,2011-10-28 14:51:00,2
16555,35,2,285.89,142.945,2011-11-04 14:31:00,2
16556,67,7,3313.79,473.3985714285714,2011-10-04 11:36:00,2
16557,24,2,281.85,140.925,2011-11-15 14:04:00,2
16558,1,20,8338.49,416.9245,2011-12-09 10:20:00,2
16560,27,2,841.41,420.705,2011-11-13 10:35:00,2
16561,6,2,511.12,255.56,2011-12-04 11:50:00,2
16563,54,1,1077.74,1077.74,2011-10-17 11:51:00,2
16565,364,1,173.7,173.7,2010-12-10 15:21:00,2
16566,15,5,614.66,122.932,2011-11-24 16:34:00,2
16567,194,2,865.6,432.8,2011-05-29 13:57:00,2
16569,3,1,124.2,124.2,2011-12-06 15:32:00,2
16570,15,10,3738.4,373.84,2011-11-24 17:02:00,2
16571,27,3,1421.69,473.8966666666667,2011-11-13 11:46:00,2
16572,127,3,1009.6,336.53333333333336,2011-08-04 16:34:00,2
16573,85,2,663.61,331.805,2011-09-16 09:13:00,2
16574,71,1,451.44,451.44,2011-09-29 13:39:00,2
16581,183,1,105.84,105.84,2011-06-10 10:05:00,2
16582,113,1,313.62,313.62,2011-08-18 17:02:00,2
16583,374,1,233.45,233.45,2010-12-01 12:03:00,2
16584,80,2,936.08,468.04,2011-09-20 13:45:00,2
16586,249,1,463.95,463.95,2011-04-05 09:32:00,2
16587,232,1,225.15,225.15,2011-04-21 15:51:00,2
16589,71,3,459.24,153.08,2011-09-29 14:50:00,2
16591,69,1,213.5,213.5,2011-10-02 10:43:00,2
16592,4,16,4113.68,257.105,2011-12-05 13:49:00,2
16593,51,3,330.03,110.01,2011-10-20 12:41:00,2
16594,75,1,181.09,181.09,2011-09-25 14:08:00,2
16595,61,1,360.16,360.16,2011-10-09 13:15:00,2
16596,16,2,250.15,125.075,2011-11-24 10:02:00,2
16597,4,1,90.04,90.04,2011-12-05 15:44:00,2
16598,286,1,145.04999999999998,145.04999999999998,2011-02-27 11:42:00,2
16600,4,6,813.52,135.58666666666667,2011-12-05 16:00:00,2
16601,41,1,244.8,244.8,2011-10-30 11:09:00,2
16602,36,1,528.08,528.08,2011-11-03 15:54:00,2
16603,75,2,482.47,241.235,2011-09-26 10:06:00,2
16607,18,14,3347.71,239.12214285714285,2011-11-22 10:24:00,2
16609,15,7,5493.46,784.78,2011-11-24 13:32:00,2
16610,219,1,75.66,75.66,2011-05-04 13:13:00,2
16611,186,1,129.49,129.49,2011-06-06 15:46:00,2
16612,33,4,1187.66,296.915,2011-11-07 07:38:00,2
16613,70,1,618.59,618.59,2011-09-30 15:52:00,2
16614,183,1,506.19,506.19,2011-06-10 11:36:00,2
16616,15,2,500.42,250.21,2011-11-24 16:31:00,2
16617,236,1,151.85,151.85,2011-04-18 10:35:00,2
16618,31,5,2647.59,529.518,2011-11-08 13:52:00,2
16619,264,1,226.21,226.21,2011-03-21 08:18:00,2
16620,4,2,178.96,89.48,2011-12-06 12:19:00,2
16621,52,4,813.48,203.37,2011-10-19 11:38:00,2
16623,246,1,129.45,129.45,2011-04-08 10:09:00,2
16624,81,2,810.5699999999999,405.285,2011-09-20 12:39:00,2
16625,275,1,333.08,333.08,2011-03-10 12:50:00,2
16626,1,17,4413.1,259.59411764705885,2011-12-09 11:56:00,2
16627,79,1,322.8,322.8,2011-09-21 14:38:00,2
16628,30,5,2188.05,437.61,2011-11-10 12:45:00,2
16629,74,2,417.73,208.865,2011-09-27 10:34:00,2
16633,17,6,2883.1,480.51666666666665,2011-11-22 13:41:00,2
16634,223,2,217.9,108.95,2011-05-01 12:09:00,2
16637,32,4,1154.47,288.6175,2011-11-07 13:17:00,2
16638,23,10,1680.72,168.072,2011-11-17 11:09:00,2
16639,31,3,1257.51,419.17,2011-11-08 13:20:00,2
16641,106,1,231.1,231.1,2011-08-26 12:49:00,2
16642,5,2,688.33,344.165,2011-12-05 11:31:00,2
16643,246,1,487.51,487.51,2011-04-08 08:24:00,2
16644,178,2,833.78,416.89,2011-06-15 12:39:00,2
16647,170,2,214.06,107.03,2011-06-23 11:47:00,2
16648,43,1,290.66,290.66,2011-10-28 08:58:00,2
16650,72,1,518.42,518.42,2011-09-29 09:51:00,2
16652,59,7,6773.97,967.71,2011-10-12 09:38:00,2
16653,16,2,1212.66,606.33,2011-11-23 14:51:00,2
16654,141,4,601.27,150.3175,2011-07-21 15:23:00,2
16655,18,6,3794.52,632.42,2011-11-22 11:25:00,2
16656,22,15,8625.8,575.0533333333333,2011-11-17 14:43:00,2
16657,10,4,933.62,233.405,2011-11-30 11:48:00,2
16658,368,1,123.24,123.24,2010-12-06 13:47:00,2
16659,189,1,39.12,39.12,2011-06-03 15:03:00,2
16660,16,4,1267.65,316.9125,2011-11-23 14:53:00,2
16665,362,1,135.39999999999998,135.39999999999998,2010-12-12 14:03:00,2
16666,19,1,118.98,118.98,2011-11-20 14:01:00,2
16667,68,2,570.13,285.065,2011-10-02 15:26:00,2
16668,15,6,306.72,51.12,2011-11-24 17:43:00,2
16669,24,3,1374.87,458.29,2011-11-16 12:26:00,2
16670,17,11,4095.9,372.3545454545455,2011-11-23 09:34:00,2
16671,28,3,1692.27,564.09,2011-11-11 13:40:00,2
16672,2,20,8134.94,406.747,2011-12-07 16:29:00,2
16674,55,2,319.61,159.805,2011-10-16 11:31:00,2
16676,34,4,1592.12,398.03,2011-11-06 12:01:00,2
16678,3,12,3109.99,259.1658333333333,2011-12-07 12:17:00,2
16679,366,1,129.75,129.75,2010-12-08 13:51:00,2
16680,43,1,183.7,183.7,2011-10-27 17:35:00,2
16681,73,6,1770.34,295.0566666666667,2011-09-28 11:11:00,2
16682,5,5,1028.0,205.6,2011-12-05 12:13:00,2
16684,4,28,66653.56,2380.4842857142858,2011-12-05 14:06:00,2
16685,61,2,324.24,162.12,2011-10-09 13:58:00,2
16686,47,7,3062.83,437.5471428571428,2011-10-23 13:49:00,2
16688,1,4,1260.86,315.215,2011-12-08 15:24:00,2
16689,76,2,422.6,211.3,2011-09-25 11:39:00,2
16690,72,2,225.58,112.79,2011-09-28 15:02:00,2
16692,256,2,1276.0,638.0,2011-03-28 14:46:00,2
16693,69,2,482.01,241.005,2011-10-02 11:10:00,2
16696,135,4,657.9000000000001,164.47500000000002,2011-07-27 14:23:00,2
16697,241,1,112.75,112.75,2011-04-12 17:12:00,2
16698,227,2,1998.0,999.0,2011-04-27 10:52:00,2
16700,9,13,5076.55,390.50384615384615,2011-12-01 11:00:00,2
16701,9,13,5398.3,415.25384615384615,2011-12-01 11:10:00,2
16705,1,20,14034.99,701.7495,2011-12-09 12:08:00,2
16706,37,3,531.35,177.11666666666667,2011-11-02 13:50:00,2
16708,46,1,656.63,656.63,2011-10-25 12:20:00,2
16709,85,5,3029.87,605.9739999999999,2011-09-16 10:56:00,2
16710,19,10,2483.04,248.304,2011-11-20 14:50:00,2
16711,3,5,1651.03,330.206,2011-12-06 16:32:00,2
16712,9,11,3645.43,331.40272727272725,2011-11-30 13:48:00,2
16713,19,15,6923.13,461.542,2011-11-21 12:36:00,2
16714,219,3,1161.53,387.1766666666667,2011-05-05 11:09:00,2
16715,78,1,301.72,301.72,2011-09-22 18:15:00,2
16716,267,2,901.2,450.6,2011-03-18 10:03:00,2
16717,24,6,3858.38,643.0633333333334,2011-11-16 12:16:00,2
16718,369,1,623.75,623.75,2010-12-05 13:03:00,2
16719,15,7,1790.42,255.77428571428567,2011-11-25 09:27:00,2
16720,26,1,155.24,155.24,2011-11-13 16:22:00,2
16721,262,1,292.47,292.47,2011-03-22 16:08:00,2
16722,17,13,4730.81,363.9084615384616,2011-11-22 13:28:00,2
16723,91,2,589.15,294.575,2011-09-09 13:01:00,2
16725,302,7,781.02,111.57428571428572,2011-02-10 16:52:00,2
16726,26,5,1382.02,276.404,2011-11-13 14:53:00,2
16727,364,1,272.82,272.82,2010-12-10 13:48:00,2
16728,46,4,1054.67,263.6675,2011-10-24 14:36:00,2
16729,38,21,7239.92,344.7580952380952,2011-11-01 14:29:00,2
16730,52,3,743.11,247.70333333333332,2011-10-18 14:11:00,2
16732,32,1,603.75,603.75,2011-11-08 09:54:00,2
16734,52,3,650.51,216.83666666666667,2011-10-18 13:44:00,2
16735,79,5,2300.56,460.112,2011-09-22 11:49:00,2
16737,53,1,417.6,417.6,2011-10-17 13:03:00,2
16738,298,1,3.75,3.75,2011-02-15 09:46:00,2
16739,177,1,323.0,323.0,2011-06-16 09:17:00,2
16742,47,1,464.9,464.9,2011-10-24 12:02:00,2
16743,29,7,2238.09,319.7271428571429,2011-11-10 13:13:00,2
16744,11,7,1304.76,186.3942857142857,2011-11-28 13:06:00,2
16745,87,17,7194.3,423.1941176470588,2011-09-14 11:58:00,2
16746,5,18,6697.66,372.09222222222223,2011-12-05 12:33:00,2
16747,38,2,836.06,418.03,2011-11-02 11:37:00,2
16748,18,5,1515.9,303.18,2011-11-22 10:17:00,2
16750,45,5,623.93,124.786,2011-10-26 12:48:00,2
16751,31,1,1764.72,1764.72,2011-11-09 10:48:00,2
16752,373,1,207.5,207.5,2010-12-02 12:18:00,2
16753,58,1,223.92,223.92,2011-10-12 13:14:00,2
16754,372,1,2002.4,2002.4,2010-12-02 17:38:00,2
16755,114,3,1496.83,498.9433333333333,2011-08-17 13:21:00,2
16756,215,1,239.4,239.4,2011-05-09 09:33:00,2
16757,319,1,106.83,106.83,2011-01-25 11:59:00,2
16758,65,1,369.34,369.34,2011-10-05 14:47:00,2
16759,8,3,789.79,263.2633333333333,2011-12-02 12:42:00,2
16761,97,1,316.62,316.62,2011-09-04 11:15:00,2
16762,20,3,1501.38,500.46,2011-11-20 11:43:00,2
16763,199,1,611.85,611.85,2011-05-25 11:52:00,2
16764,4,13,2799.25,215.32692307692307,2011-12-06 11:41:00,2
16765,294,1,34.0,34.0,2011-02-18 15:41:00,2
16766,273,2,1145.6,572.8,2011-03-11 15:22:00,2
16767,31,11,5580.6,507.3272727272728,2011-11-09 09:42:00,2
16768,48,3,478.09,159.36333333333334,2011-10-23 10:38:00,2
16769,260,1,380.39,380.39,2011-03-24 13:41:00,2
16770,58,5,770.1,154.02,2011-10-13 12:21:00,2
16771,33,5,2246.81,449.362,2011-11-06 13:28:00,2
16773,57,1,171.59,171.59,2011-10-13 14:37:00,2
16774,68,4,661.52,165.38,2011-10-03 12:41:00,2
16775,10,11,1695.66,154.1509090909091,2011-11-29 15:22:00,2
16776,60,1,388.28,388.28,2011-10-10 13:04:00,2
16777,80,2,226.35,113.175,2011-09-20 13:41:00,2
16778,74,2,245.94,122.97,2011-09-26 13:48:00,2
16779,2,22,10629.72,483.169090909091,2011-12-07 14:54:00,2
16780,100,2,425.19,212.595,2011-08-31 16:09:00,2
16781,372,1,311.25,311.25,2010-12-02 14:26:00,2
16782,10,13,2279.9,175.37692307692308,2011-11-29 13:20:00,2
16784,20,1,107.6,107.6,2011-11-20 12:20:00,2
16788,123,2,597.48,298.74,2011-08-08 14:53:00,2
16789,8,1,80.8,80.8,2011-12-01 15:12:00,2
16790,4,6,1545.62,257.6033333333333,2011-12-06 11:53:00,2
16791,29,7,1721.78,245.96857142857144,2011-11-10 19:12:00,2
16792,282,2,110.38,55.190000000000005,2011-03-02 14:41:00,2
16793,57,1,243.84,243.84,2011-10-13 15:08:00,2
16794,1,10,1222.71,122.271,2011-12-08 17:54:00,2
16795,365,1,414.88,414.88,2010-12-09 14:08:00,2
16796,89,1,305.62,305.62,2011-09-11 14:01:00,2
16800,11,1,1201.49,1201.49,2011-11-28 14:06:00,2
16801,163,4,1619.73,404.9325,2011-06-29 15:33:00,2
16803,65,1,332.3,332.3,2011-10-05 14:28:00,2
16804,23,3,536.99,178.99666666666667,2011-11-16 16:43:00,2
16805,174,2,460.59,230.295,2011-06-19 11:23:00,2
16806,103,4,801.49,200.3725,2011-08-28 15:27:00,2
16807,143,3,1121.59,373.8633333333333,2011-07-20 12:00:00,2
16808,99,2,288.42,144.21,2011-09-01 19:34:00,2
16809,23,5,914.69,182.938,2011-11-16 15:45:00,2
16810,192,1,309.54,309.54,2011-05-31 15:32:00,2
16811,5,2,547.07,273.535,2011-12-05 11:39:00,2
16812,361,1,479.35,479.35,2010-12-14 12:35:00,2
16813,8,10,1692.98,169.298,2011-12-01 14:03:00,2
16814,14,21,6509.1,309.95714285714286,2011-11-25 13:27:00,2
16816,103,4,417.06,104.265,2011-08-28 14:16:00,2
16817,3,9,1604.75,178.30555555555554,2011-12-07 11:03:00,2
16818,11,11,3349.57,304.50636363636363,2011-11-29 10:41:00,2
16820,96,1,497.61,497.61,2011-09-05 12:06:00,2
16823,227,1,358.38,358.38,2011-04-26 15:00:00,2
16824,16,2,460.64,230.32,2011-11-24 12:38:00,2
16825,39,2,775.1800000000001,387.59,2011-11-01 11:51:00,2
16826,51,1,341.7,341.7,2011-10-19 14:05:00,2
16828,93,2,128.5,64.25,2011-09-07 15:10:00,2
16829,157,1,197.22,197.22,2011-07-06 10:48:00,2
16830,39,1,325.91,325.91,2011-11-01 11:35:00,2
16832,184,3,199.15,66.38333333333334,2011-06-08 15:36:00,2
16833,1,4,1106.53,276.6325,2011-12-08 14:39:00,2
16834,228,1,413.46,413.46,2011-04-26 09:37:00,2
16835,128,2,180.85,90.425,2011-08-03 13:50:00,2
16836,40,2,251.87,125.935,2011-10-31 10:05:00,2
16837,31,11,3170.98,288.2709090909091,2011-11-08 14:27:00,2
16838,197,2,588.85,294.425,2011-05-26 13:13:00,2
16839,9,34,16594.35,488.0691176470588,2011-12-01 09:03:00,2
16841,37,6,1869.82,311.63666666666666,2011-11-03 11:51:00,2
16842,101,3,1264.19,421.3966666666667,2011-08-31 10:42:00,2
16843,43,16,10196.57,637.285625,2011-10-28 09:06:00,2
16846,50,1,214.32,214.32,2011-10-20 13:55:00,2
16847,43,1,193.44,193.44,2011-10-27 13:29:00,2
16848,53,1,281.42,281.42,2011-10-18 08:42:00,2
16849,187,1,124.57,124.57,2011-06-06 09:16:00,2
16850,334,1,332.41,332.41,2011-01-10 11:09:00,2
16851,4,3,342.45,114.15,2011-12-05 13:32:00,2
16852,10,2,144.91000000000005,72.45500000000001,2011-11-29 13:22:00,2
16855,24,2,328.4,164.2,2011-11-16 12:03:00,2
16856,15,1,35.400000000000006,35.400000000000006,2011-11-25 08:59:00,2
16858,369,1,375.69000000000005,375.69000000000005,2010-12-06 09:52:00,2
16859,145,2,747.81,373.905,2011-07-18 12:19:00,2
16861,60,2,173.76,86.88,2011-10-11 09:05:00,2
16863,31,2,502.8,251.4,2011-11-08 15:26:00,2
16866,141,3,207.74,69.24666666666666,2011-07-22 10:06:00,2
16869,23,4,825.42,206.355,2011-11-17 12:02:00,2
16871,22,6,2812.34,468.72333333333336,2011-11-17 19:27:00,2
16872,77,3,680.02,226.6733333333333,2011-09-23 16:05:00,2
16873,5,6,7123.62,1187.27,2011-12-05 12:05:00,2
16875,67,5,2095.53,419.1060000000001,2011-10-03 13:39:00,2
16877,12,6,853.72,142.28666666666666,2011-11-27 13:47:00,2
16878,84,1,13.3,13.3,2011-09-16 17:39:00,2
16880,31,7,1519.08,217.01142857142852,2011-11-09 11:33:00,2
16881,67,1,432.0,432.0,2011-10-04 10:33:00,2
16882,67,3,705.12,235.04,2011-10-04 10:42:00,2
16883,187,2,276.73,138.365,2011-06-05 12:51:00,2
16884,38,2,429.84,214.92,2011-11-02 11:52:00,2
16885,15,3,471.51,157.17,2011-11-24 13:40:00,2
16887,35,1,194.88,194.88,2011-11-04 14:07:00,2
16889,195,3,1578.67,526.2233333333334,2011-05-29 11:05:00,2
16891,2,5,809.7,161.94,2011-12-08 11:15:00,2
16892,1,5,525.54,105.108,2011-12-08 13:18:00,2
16893,367,1,145.93,145.93,2010-12-08 12:06:00,2
16895,65,1,219.14,219.14,2011-10-06 12:15:00,2
16897,299,2,289.78,144.89,2011-02-13 15:02:00,2
16898,26,3,508.81,169.60333333333332,2011-11-13 15:44:00,2
16899,8,6,1281.56,213.59333333333333,2011-12-02 12:03:00,2
16900,17,3,887.11,295.7033333333333,2011-11-23 10:32:00,2
16902,116,1,1706.88,1706.88,2011-08-15 14:17:00,2
16903,29,1,373.24,373.24,2011-11-10 15:32:00,2
16904,4,16,3754.27,234.641875,2011-12-05 13:10:00,2
16905,5,7,3102.43,443.2042857142857,2011-12-04 14:01:00,2
16906,82,4,579.77,144.9425,2011-09-19 11:49:00,2
16907,29,5,981.65,196.33,2011-11-10 18:04:00,2
16909,72,1,379.14,379.14,2011-09-28 16:45:00,2
16910,4,8,1510.06,188.7575,2011-12-05 12:51:00,2
16912,29,11,2575.38,234.12545454545452,2011-11-11 12:18:00,2
16913,290,1,113.44,113.44,2011-02-22 12:56:00,2
16914,36,1,208.46,208.46,2011-11-03 15:27:00,2
16915,9,6,621.6800000000001,103.61333333333334,2011-11-30 16:39:00,2
16916,24,2,576.26,288.13,2011-11-16 12:08:00,2
16917,277,1,391.52,391.52,2011-03-08 11:55:00,2
16918,50,6,1068.82,178.13666666666666,2011-10-21 12:50:00,2
16919,156,11,2596.45,236.04090909090908,2011-07-06 13:35:00,2
16921,61,1,169.79,169.79,2011-10-09 16:22:00,2
16923,12,19,7247.61,381.4531578947368,2011-11-27 13:00:00,2
16924,21,3,846.75,282.25,2011-11-18 12:53:00,2
16926,371,1,230.25,230.25,2010-12-03 13:42:00,2
16927,116,3,543.05,181.01666666666665,2011-08-16 11:10:00,2
16928,80,17,2847.6,167.50588235294117,2011-09-20 15:10:00,2
16929,4,7,1295.39,185.0557142857143,2011-12-06 08:37:00,2
16930,26,3,380.55,126.85,2011-11-13 16:13:00,2
16931,5,21,4604.22,219.24857142857144,2011-12-04 13:15:00,2
16932,53,1,161.94,161.94,2011-10-17 14:12:00,2
16933,1,2,563.23,281.615,2011-12-08 12:54:00,2
16934,55,2,950.93,475.465,2011-10-16 12:40:00,2
16936,26,1,262.68,262.68,2011-11-14 11:04:00,2
16938,9,4,2736.38,684.095,2011-12-01 10:20:00,2
16940,52,3,3049.88,1016.6266666666668,2011-10-18 13:15:00,2
16942,13,9,1920.59,213.39888888888888,2011-11-27 12:40:00,2
16943,212,3,816.73,272.24333333333334,2011-05-12 11:57:00,2
16945,22,19,4345.5,228.71052631578948,2011-11-18 11:39:00,2
16947,236,1,406.48,406.48,2011-04-18 09:38:00,2
16948,139,3,435.02,145.00666666666666,2011-07-24 12:46:00,2
16949,4,6,1286.27,214.37833333333333,2011-12-06 11:07:00,2
16950,57,3,1178.56,392.8533333333333,2011-10-14 09:06:00,2
16951,135,3,1277.75,425.9166666666667,2011-07-28 12:05:00,2
16952,109,2,167.61,83.805,2011-08-22 13:03:00,2
16953,30,1,20.8,20.8,2011-11-09 15:54:00,2
16954,1,9,2085.08,231.67555555555555,2011-12-09 09:46:00,2
16955,185,4,518.67,129.6675,2011-06-08 10:36:00,2
16956,18,1,308.74,308.74,2011-11-22 08:56:00,2
16957,239,2,416.64,208.32,2011-04-14 13:56:00,2
16959,87,1,117.35,117.35,2011-09-13 15:03:00,2
16960,39,3,507.05,169.01666666666668,2011-11-01 11:35:00,2
16961,116,1,234.17,234.17,2011-08-15 13:46:00,2
16963,187,1,110.55,110.55,2011-06-05 13:48:00,2
16965,227,1,201.19,201.19,2011-04-27 12:08:00,2
16966,8,7,2154.97,307.8528571428571,2011-12-01 13:40:00,2
16967,189,1,319.02,319.02,2011-06-03 14:24:00,2
16968,4,2,439.43,219.715,2011-12-05 15:02:00,2
16969,39,3,650.41,216.8033333333333,2011-10-31 13:12:00,2
16971,38,1,357.21,357.21,2011-11-01 15:06:00,2
16976,267,1,251.52,251.52,2011-03-17 16:33:00,2
16978,78,1,344.33,344.33,2011-09-23 12:50:00,2
16979,4,6,1852.0,308.6666666666667,2011-12-06 12:21:00,2
16980,255,2,1078.96,539.48,2011-03-29 16:36:00,2
16982,61,1,384.06,384.06,2011-10-10 12:28:00,2
16983,13,7,1931.25,275.8928571428572,2011-11-27 12:10:00,2
16984,88,2,4481.35,2240.675,2011-09-12 13:43:00,2
16985,17,10,5464.12,546.412,2011-11-22 13:33:00,2
16986,30,2,1873.2,936.6,2011-11-10 11:55:00,2
16987,3,7,1625.05,232.15,2011-12-06 17:26:00,2
16988,5,1,126.12,126.12,2011-12-04 16:02:00,2
16989,7,6,1133.25,188.875,2011-12-02 16:39:00,2
16990,219,1,179.0,179.0,2011-05-05 08:30:00,2
16992,11,5,1614.31,322.862,2011-11-29 11:50:00,2
16996,30,6,1456.96,242.82666666666668,2011-11-09 16:43:00,2
16997,288,3,702.0,234.0,2011-02-24 17:28:00,2
16998,150,4,295.0,73.75,2011-07-13 09:44:00,2
16999,23,2,484.82,242.41,2011-11-16 13:53:00,2
17001,1,11,3989.57,362.6881818181818,2011-12-09 09:38:00,2
17002,86,3,1493.73,497.91,2011-09-15 12:40:00,2
17004,46,2,1412.94,706.47,2011-10-24 14:25:00,2
17006,5,4,781.78,195.445,2011-12-05 12:09:00,2
17007,51,6,889.9300000000001,148.3216666666667,2011-10-20 10:47:00,2
17010,18,1,195.36,195.36,2011-11-21 14:49:00,2
17011,30,1,270.9,270.9,2011-11-09 13:30:00,2
17014,8,3,586.33,195.44333333333336,2011-12-01 14:09:00,2
17015,29,3,1842.56,614.1866666666666,2011-11-11 10:45:00,2
17017,3,20,8694.26,434.713,2011-12-07 09:32:00,2
17018,41,2,920.1,460.05,2011-10-30 11:42:00,2
17019,11,4,1272.61,318.1525,2011-11-28 13:06:00,2
17022,31,1,71.0,71.0,2011-11-08 17:09:00,2
17024,45,3,95.85,31.95,2011-10-25 13:47:00,2
17025,61,3,357.77,119.25666666666666,2011-10-10 09:06:00,2
17026,185,2,154.82999999999998,77.41499999999999,2011-06-07 14:28:00,2
17027,79,6,890.29,148.38166666666666,2011-09-22 12:24:00,2
17029,111,2,716.0,358.0,2011-08-21 11:06:00,2
17030,64,1,146.87,146.87,2011-10-07 08:49:00,2
17031,12,2,380.35,190.175,2011-11-28 10:23:00,2
17033,86,3,1030.14,343.38000000000005,2011-09-14 14:34:00,2
17034,16,3,745.52,248.50666666666663,2011-11-23 15:14:00,2
17035,246,2,433.53,216.765,2011-04-08 11:23:00,2
17037,88,1,1267.32,1267.32,2011-09-13 12:49:00,2
17038,30,1,112.4,112.4,2011-11-09 13:50:00,2
17040,138,1,449.73,449.73,2011-07-25 10:19:00,2
17041,27,3,1081.57,360.5233333333333,2011-11-13 11:21:00,2
17042,3,5,1044.38,208.876,2011-12-07 12:26:00,2
17043,32,4,1735.18,433.795,2011-11-07 15:33:00,2
17044,25,1,948.48,948.48,2011-11-14 14:28:00,2
17045,113,3,339.44,113.14666666666666,2011-08-18 17:09:00,2
17046,157,1,642.02,642.02,2011-07-05 14:24:00,2
17047,85,3,1100.9,366.9666666666667,2011-09-15 13:27:00,2
17048,118,3,925.35,308.45,2011-08-14 11:49:00,2
17049,3,9,5659.9800000000005,628.8866666666668,2011-12-07 10:48:00,2
17050,96,6,3228.84,538.14,2011-09-04 13:48:00,2
17051,194,1,247.14,247.14,2011-05-29 14:13:00,2
17052,28,1,413.75,413.75,2011-11-11 14:50:00,2
17053,131,1,498.48,498.48,2011-08-01 10:23:00,2
17054,28,5,1356.33,271.266,2011-11-11 12:56:00,2
17058,82,3,1179.89,393.2966666666667,2011-09-19 10:13:00,2
17059,30,5,3095.04,619.008,2011-11-10 12:27:00,2
17060,266,1,234.24,234.24,2011-03-18 13:27:00,2
17061,74,11,5232.2300000000005,475.6572727272728,2011-09-27 11:24:00,2
17062,314,4,538.37,134.5925,2011-01-30 11:01:00,2
17063,21,7,1461.14,208.73428571428573,2011-11-18 16:19:00,2
17064,59,3,859.35,286.45,2011-10-12 10:18:00,2
17068,12,21,4552.14,216.76857142857145,2011-11-27 13:14:00,2
17069,28,9,2709.7000000000003,301.0777777777778,2011-11-11 17:13:00,2
17070,114,1,312.14,312.14,2011-08-17 17:01:00,2
17071,28,9,2429.03,269.89222222222224,2011-11-11 16:31:00,2
17073,18,4,1446.09,361.5225,2011-11-22 11:47:00,2
17075,18,4,834.12,208.53,2011-11-22 11:58:00,2
17076,36,3,841.0799999999999,280.36,2011-11-03 17:53:00,2
17078,36,2,378.2,189.1,2011-11-03 19:17:00,2
17079,78,1,118.8,118.8,2011-09-22 15:34:00,2
17080,22,2,287.62,143.81,2011-11-17 12:59:00,2
17081,25,2,290.16,145.08,2011-11-14 12:56:00,2
17082,33,2,2003.85,1001.925,2011-11-06 15:17:00,2
17083,109,3,1405.78,468.5933333333333,2011-08-22 15:43:00,2
17084,35,2,2949.75,1474.875,2011-11-04 14:54:00,2
17085,123,5,1566.65,313.33000000000004,2011-08-08 14:15:00,2
17086,7,6,2050.08,341.68,2011-12-02 13:54:00,2
17088,28,4,1991.01,497.7525,2011-11-11 14:23:00,2
17090,4,7,2043.95,291.99285714285713,2011-12-05 13:44:00,2
17091,3,9,3827.76,425.3066666666667,2011-12-07 10:43:00,2
17092,50,4,1777.78,444.445,2011-10-20 19:51:00,2
17094,322,1,302.0,302.0,2011-01-21 13:09:00,2
17095,23,3,1324.16,441.3866666666667,2011-11-17 12:21:00,2
17096,15,4,1022.13,255.5325,2011-11-24 15:01:00,2
17097,2,8,954.42,119.3025,2011-12-07 17:05:00,2
17100,18,2,971.74,485.87,2011-11-21 16:36:00,2
17101,10,4,1621.73,405.4325,2011-11-29 13:57:00,2
17102,262,1,25.5,25.5,2011-03-23 10:08:00,2
17105,159,2,665.78,332.89,2011-07-03 15:53:00,2
17107,33,6,10815.43,1802.5716666666667,2011-11-06 14:14:00,2
17109,29,6,885.04,147.50666666666666,2011-11-10 16:59:00,2
17110,165,1,163.29999999999998,163.29999999999998,2011-06-27 12:58:00,2
17111,47,1,248.61,248.61,2011-10-23 15:59:00,2
17114,6,8,808.62,101.0775,2011-12-04 12:17:00,2
17115,8,3,837.5,279.1666666666667,2011-12-01 14:30:00,2
17117,288,1,116.2,116.2,2011-02-24 13:54:00,2
17118,318,1,157.02,157.02,2011-01-26 12:19:00,2
17119,3,2,606.91,303.455,2011-12-06 14:40:00,2
17120,233,1,307.46,307.46,2011-04-20 15:21:00,2
17122,119,1,138.32,138.32,2011-08-12 14:33:00,2
17123,162,1,345.29999999999995,345.29999999999995,2011-07-01 10:47:00,2
17124,185,1,298.89,298.89,2011-06-07 14:02:00,2
17125,50,1,259.35,259.35,2011-10-20 14:41:00,2
17126,152,5,1004.75,200.95,2011-07-10 13:52:00,2
17128,335,1,157.09,157.09,2011-01-09 12:02:00,2
17131,5,5,2463.17,492.634,2011-12-04 12:52:00,2
17133,16,7,4892.240000000001,698.8914285714287,2011-11-24 12:27:00,2
17134,107,2,425.0,212.5,2011-08-25 09:53:00,2
17135,16,7,1139.73,162.81857142857143,2011-11-23 16:48:00,2
17138,276,1,380.5,380.5,2011-03-09 11:54:00,2
17139,16,12,10668.47,889.0391666666666,2011-11-24 10:12:00,2
17140,247,1,465.32,465.32,2011-04-06 13:33:00,2
17142,239,1,579.0,579.0,2011-04-14 18:22:00,2
17144,1,2,984.57,492.285,2011-12-08 17:57:00,2
17146,106,3,749.78,249.92666666666665,2011-08-26 12:44:00,2
17147,23,4,1714.59,428.6475,2011-11-17 12:32:00,2
17148,52,1,124.88,124.88,2011-10-19 09:59:00,2
17152,195,3,1689.5,563.1666666666666,2011-05-29 12:19:00,2
17153,24,1,213.78,213.78,2011-11-15 13:42:00,2
17154,75,1,329.34,329.34,2011-09-25 13:42:00,2
17155,18,2,251.7,125.85,2011-11-22 12:38:00,2
17157,8,2,319.0,159.5,2011-12-02 09:10:00,2
17158,32,3,1266.97,422.3233333333333,2011-11-07 15:15:00,2
17159,22,3,1538.88,512.96,2011-11-18 10:52:00,2
17160,31,6,3518.03,586.3383333333334,2011-11-08 14:05:00,2
17162,29,10,1715.46,171.546,2011-11-11 11:34:00,2
17163,22,2,293.1,146.55,2011-11-18 08:57:00,2
17164,33,7,2467.35,352.4785714285714,2011-11-07 09:14:00,2
17165,284,1,158.68,158.68,2011-02-28 16:39:00,2
17166,39,2,206.34,103.17,2011-11-01 09:46:00,2
17169,58,2,835.78,417.89,2011-10-13 10:25:00,2
17171,289,1,224.91,224.91,2011-02-23 16:37:00,2
17172,79,1,317.76,317.76,2011-09-22 09:36:00,2
17173,5,8,3766.6,470.825,2011-12-04 14:40:00,2
17174,218,1,59.9,59.9,2011-05-06 11:47:00,2
17175,44,4,1443.69,360.9225,2011-10-26 15:31:00,2
17176,202,1,306.13,306.13,2011-05-22 12:41:00,2
17179,178,3,711.79,237.2633333333333,2011-06-14 16:48:00,2
17180,56,4,796.03,199.0075,2011-10-14 15:46:00,2
17181,57,2,239.92,119.96,2011-10-13 14:48:00,2
17183,8,6,3347.31,557.885,2011-12-02 10:07:00,2
17186,47,2,144.0,72.0,2011-10-24 10:20:00,2
17187,227,1,203.95,203.95,2011-04-27 12:39:00,2
17188,11,7,2474.23,353.4614285714286,2011-11-28 13:53:00,2
17189,106,2,384.4,192.2,2011-08-25 19:39:00,2
17190,59,2,444.74,222.37,2011-10-12 11:33:00,2
17191,28,7,2095.13,299.3042857142857,2011-11-11 16:58:00,2
17193,36,7,1699.3000000000002,242.7571428571429,2011-11-04 12:47:00,2
17194,274,2,262.62,131.31,2011-03-11 12:05:00,2
17197,30,1,1013.01,1013.01,2011-11-10 10:32:00,2
17198,24,3,692.22,230.74,2011-11-16 10:39:00,2
17201,54,1,342.63,342.63,2011-10-17 11:55:00,2
17203,36,6,3563.85,593.975,2011-11-04 12:27:00,2
17204,175,4,1564.56,391.14,2011-06-17 14:46:00,2
17205,54,1,384.08,384.08,2011-10-17 12:46:00,2
17206,53,1,204.24,204.24,2011-10-17 13:25:00,2
17211,27,8,2317.2200000000003,289.65250000000003,2011-11-13 12:03:00,2
17212,253,1,226.85,226.85,2011-03-31 19:42:00,2
17213,40,7,2781.23,397.3185714285714,2011-10-30 14:53:00,2
17214,60,6,1069.12,178.1866666666667,2011-10-10 13:17:00,2
17217,234,1,113.5,113.5,2011-04-19 17:19:00,2
17218,4,10,1960.72,196.072,2011-12-05 13:52:00,2
17219,32,1,114.23,114.23,2011-11-08 11:25:00,2
17220,24,14,3198.25,228.44642857142856,2011-11-15 13:47:00,2
17221,7,2,335.13,167.565,2011-12-02 13:35:00,2
17222,65,1,354.15,354.15,2011-10-05 13:58:00,2
17223,310,2,426.79,213.395,2011-02-02 15:57:00,2
17226,309,1,393.49,393.49,2011-02-04 11:52:00,2
17227,19,6,939.32,156.55333333333334,2011-11-21 10:51:00,2
17228,16,8,1906.09,238.26125,2011-11-24 10:24:00,2
17229,96,2,318.76,159.38,2011-09-04 13:56:00,2
17230,264,8,3638.41,454.80125,2011-03-20 16:12:00,2
17231,12,10,3174.32,317.432,2011-11-27 15:18:00,2
17232,3,2,421.52,210.76,2011-12-07 12:21:00,2
17233,35,1,190.88,190.88,2011-11-04 14:06:00,2
17234,183,1,149.89,149.89,2011-06-10 11:20:00,2
17235,25,2,550.06,275.03,2011-11-14 15:51:00,2
17236,13,6,916.13,152.68833333333333,2011-11-27 12:00:00,2
17237,11,2,314.69,157.345,2011-11-28 15:02:00,2
17238,3,17,3744.65,220.2735294117647,2011-12-07 11:35:00,2
17239,313,1,382.5,382.5,2011-01-31 09:41:00,2
17242,108,2,1135.04,567.52,2011-08-23 14:55:00,2
17243,1,26,8676.85,333.725,2011-12-08 13:26:00,2
17244,53,1,954.9,954.9,2011-10-17 15:19:00,2
17245,205,1,171.45,171.45,2011-05-19 10:43:00,2
17247,15,1,282.19,282.19,2011-11-24 15:21:00,2
17248,120,1,318.65,318.65,2011-08-11 13:34:00,2
17250,4,2,384.52,192.26,2011-12-06 12:15:00,2
17251,363,1,283.28000000000003,283.28000000000003,2010-12-12 11:06:00,2
17252,117,2,353.86,176.93,2011-08-15 09:45:00,2
17253,18,1,178.26,178.26,2011-11-21 12:59:00,2
17254,5,2,272.44,136.22,2011-12-05 12:46:00,2
17255,41,2,298.41,149.205,2011-10-30 12:18:00,2
17256,107,2,240.0,120.0,2011-08-24 13:30:00,2
17259,148,2,603.37,301.685,2011-07-14 15:01:00,2
17262,52,5,1253.36,250.67200000000005,2011-10-18 12:56:00,2
17263,208,1,63.440000000000005,63.440000000000005,2011-05-15 14:32:00,2
17265,139,2,562.9,281.45,2011-07-24 10:49:00,2
17266,2,3,310.64,103.54666666666668,2011-12-07 14:12:00,2
17267,127,2,317.62,158.81,2011-08-04 17:22:00,2
17268,108,4,763.64,190.91,2011-08-24 10:06:00,2
17272,42,4,2148.63,537.1575,2011-10-28 16:37:00,2
17274,35,1,111.98,111.98,2011-11-04 13:16:00,2
17277,228,2,1065.35,532.6750000000001,2011-04-26 12:47:00,2
17278,241,1,246.04,246.04,2011-04-12 13:10:00,2
17279,58,1,187.83,187.83,2011-10-13 11:58:00,2
17282,130,3,1703.41,567.8033333333334,2011-08-01 14:29:00,2
17284,60,6,1652.58,275.43,2011-10-10 14:38:00,2
17286,22,1,153.92,153.92,2011-11-18 12:47:00,2
17287,26,7,1064.11,152.01571428571427,2011-11-13 13:27:00,2
17288,9,7,1419.73,202.81857142857143,2011-11-30 16:09:00,2
17289,32,3,944.41,314.80333333333334,2011-11-08 12:01:00,2
17290,4,2,525.24,262.62,2011-12-06 12:38:00,2
17291,308,1,550.8000000000001,550.8000000000001,2011-02-04 13:04:00,2
17293,8,9,1875.11,208.3455555555556,2011-12-01 14:37:00,2
17295,29,3,556.95,185.65,2011-11-11 10:49:00,2
17297,17,1,131.78,131.78,2011-11-22 14:43:00,2
17298,101,2,498.42,249.21,2011-08-30 16:43:00,2
17299,12,4,669.11,167.2775,2011-11-28 12:01:00,2
17301,21,1,197.63,197.63,2011-11-18 13:43:00,2
17302,15,5,1135.63,227.12600000000003,2011-11-25 09:36:00,2
17303,361,1,250.04,250.04,2010-12-13 13:32:00,2
17306,11,19,8631.31,454.2794736842105,2011-11-29 12:14:00,2
17309,95,1,82.75,82.75,2011-09-05 15:20:00,2
17311,78,2,1384.85,692.425,2011-09-22 14:11:00,2
17312,139,3,644.3,214.76666666666665,2011-07-24 11:52:00,2
17313,31,1,2328.84,2328.84,2011-11-08 15:45:00,2
17314,25,8,2527.92,315.99,2011-11-15 09:41:00,2
17315,2,38,6292.26,165.58578947368423,2011-12-08 12:15:00,2
17317,46,3,2600.34,866.7800000000001,2011-10-24 17:19:00,2
17320,100,3,1200.62,400.2066666666667,2011-08-31 13:31:00,2
17321,8,2,700.86,350.43,2011-12-01 13:41:00,2
17323,15,7,921.07,131.58142857142855,2011-11-24 17:29:00,2
17324,18,4,990.23,247.5575,2011-11-22 10:34:00,2
17325,280,1,96.8,96.8,2011-03-04 13:09:00,2
17329,14,2,523.11,261.555,2011-11-25 14:24:00,2
17330,23,2,363.9,181.95,2011-11-17 08:56:00,2
17331,124,1,175.2,175.2,2011-08-08 11:55:00,2
17333,86,1,494.25,494.25,2011-09-15 10:11:00,2
17334,302,2,307.02,153.51,2011-02-10 14:59:00,2
17337,151,4,2027.87,506.9675,2011-07-11 14:55:00,2
17338,17,8,6643.93,830.49125,2011-11-22 14:23:00,2
17339,94,2,243.36,121.68,2011-09-06 13:29:00,2
17340,30,11,12353.29,1123.0263636363636,2011-11-10 10:45:00,2
17341,157,3,781.36,260.4533333333333,2011-07-06 12:33:00,2
17343,355,1,193.64,193.64,2010-12-19 15:07:00,2
17344,46,1,160.57,160.57,2011-10-24 12:56:00,2
17345,15,4,537.74,134.435,2011-11-24 15:03:00,2
17346,4,15,2676.56,178.43733333333333,2011-12-06 12:18:00,2
17347,86,1,228.96,228.96,2011-09-14 13:12:00,2
17348,15,5,1159.52,231.904,2011-11-25 11:25:00,2
17349,179,1,110.75,110.75,2011-06-13 14:29:00,2
17350,8,4,1286.07,321.5175,2011-12-01 15:47:00,2
17351,36,3,587.15,195.71666666666667,2011-11-03 18:45:00,2
17353,129,2,1740.0,870.0,2011-08-02 17:19:00,2
17354,51,1,1393.06,1393.06,2011-10-20 10:34:00,2
17356,312,1,178.22,178.22,2011-02-01 11:07:00,2
17357,24,2,388.14,194.07,2011-11-15 16:30:00,2
17358,303,2,365.85,182.925,2011-02-09 16:57:00,2
17359,11,1,127.86,127.86,2011-11-28 14:37:00,2
17360,17,3,585.79,195.2633333333333,2011-11-22 13:11:00,2
17361,49,3,488.2,162.73333333333332,2011-10-21 15:43:00,2
17362,239,2,312.23,156.115,2011-04-14 14:43:00,2
17364,1,11,4481.18,407.38000000000005,2011-12-09 09:00:00,2
17365,13,8,4801.56,600.195,2011-11-27 12:13:00,2
17367,238,1,168.4,168.4,2011-04-15 14:21:00,2
17368,23,8,1912.67,239.08375,2011-11-16 15:26:00,2
17370,73,4,446.18,111.545,2011-09-28 10:14:00,2
17371,17,3,423.89,141.29666666666665,2011-11-22 13:30:00,2
17372,41,8,1342.68,167.835,2011-10-30 11:37:00,2
17373,40,4,646.92,161.73,2011-10-30 15:28:00,2
17374,219,2,495.77,247.885,2011-05-05 09:05:00,2
17375,199,3,400.1,133.36666666666667,2011-05-24 15:45:00,2
17376,71,2,203.2,101.6,2011-09-30 12:36:00,2
17377,24,20,4100.92,205.046,2011-11-16 11:17:00,2
17379,11,1,404.66,404.66,2011-11-28 13:56:00,2
17381,9,29,20275.61,699.1589655172414,2011-12-01 11:59:00,2
17382,65,1,65.4,65.4,2011-10-05 13:05:00,2
17383,4,1,199.29,199.29,2011-12-05 17:36:00,2
17384,19,2,336.4,168.2,2011-11-20 15:48:00,2
17385,15,1,261.11,261.11,2011-11-25 11:02:00,2
17386,8,6,2686.42,447.7366666666667,2011-12-02 11:28:00,2
17387,20,2,784.11,392.055,2011-11-20 11:00:00,2
17388,78,4,1259.56,314.89,2011-09-23 10:31:00,2
17389,1,34,31833.68,936.2847058823528,2011-12-09 09:38:00,2
17391,164,2,508.8,254.4,2011-06-29 09:58:00,2
17392,307,2,457.91,228.955,2011-02-06 12:48:00,2
17394,219,1,203.87,203.87,2011-05-04 13:22:00,2
17396,39,8,7330.8,916.35,2011-10-31 14:12:00,2
17397,22,2,696.41,348.205,2011-11-17 14:08:00,2
17398,115,3,653.38,217.7933333333333,2011-08-17 09:48:00,2
17400,126,5,2129.96,425.992,2011-08-05 15:38:00,2
17402,5,13,2633.85,202.60384615384612,2011-12-05 10:15:00,2
17403,36,1,281.62,281.62,2011-11-03 15:18:00,2
17404,4,15,31906.82,2127.121333333333,2011-12-05 16:26:00,2
17405,1,3,1031.41,343.80333333333334,2011-12-08 17:12:00,2
17406,333,3,2200.42,733.4733333333334,2011-01-10 15:07:00,2
17408,163,1,32.65,32.65,2011-06-29 12:53:00,2
17409,185,2,771.85,385.925,2011-06-08 10:36:00,2
17410,16,5,1214.72,242.944,2011-11-23 15:46:00,2
17411,12,3,778.94,259.6466666666667,2011-11-27 14:25:00,2
17412,3,7,1258.06,179.72285714285712,2011-12-07 11:36:00,2
17414,44,2,778.0,389.0,2011-10-27 12:13:00,2
17415,80,1,507.84,507.84,2011-09-21 12:50:00,2
17416,30,7,6893.42,984.7742857142856,2011-11-10 12:47:00,2
17418,42,2,463.46,231.73,2011-10-28 13:00:00,2
17419,11,12,4226.57,352.21416666666664,2011-11-28 13:47:00,2
17420,50,3,598.83,199.61,2011-10-20 14:52:00,2
17422,16,6,1979.37,329.895,2011-11-23 13:27:00,2
17423,46,2,698.41,349.205,2011-10-24 13:36:00,2
17425,19,2,759.17,379.585,2011-11-20 15:30:00,2
17426,8,6,5037.26,839.5433333333334,2011-12-01 18:07:00,2
17427,72,1,100.8,100.8,2011-09-29 11:29:00,2
17428,1,28,17256.85,616.3160714285714,2011-12-09 09:45:00,2
17429,128,3,524.9200000000001,174.97333333333336,2011-08-03 13:22:00,2
17430,33,2,265.76,132.88,2011-11-07 09:24:00,2
17431,313,1,403.3,403.3,2011-01-30 14:36:00,2
17432,18,2,365.76,182.88,2011-11-21 17:33:00,2
17433,88,1,303.16,303.16,2011-09-12 14:24:00,2
17434,2,7,2373.82,339.1171428571429,2011-12-07 13:16:00,2
17436,2,2,216.3,108.15,2011-12-08 12:30:00,2
17438,254,1,388.4500000000001,388.4500000000001,2011-03-31 10:26:00,2
17440,157,3,186.42,62.14000000000001,2011-07-06 11:54:00,2
17442,37,6,2248.56,374.76,2011-11-03 09:17:00,2
17443,220,1,534.24,534.24,2011-05-04 10:47:00,2
17444,148,3,2940.04,980.0133333333332,2011-07-15 12:05:00,2
17446,177,2,120.9,60.45,2011-06-16 10:42:00,2
17447,40,2,541.53,270.765,2011-10-30 14:18:00,2
17449,2,7,2520.86,360.1228571428572,2011-12-07 16:56:00,2
17450,8,46,194550.79,4229.365,2011-12-01 13:29:00,2
17451,1,7,1721.4,245.9142857142857,2011-12-08 15:02:00,2
17453,18,2,486.72,243.36,2011-11-22 09:42:00,2
17454,192,4,517.53,129.3825,2011-05-31 13:58:00,2
17455,204,1,131.7,131.7,2011-05-20 12:31:00,2
17456,365,1,249.86,249.86,2010-12-09 15:23:00,2
17457,127,5,1737.7,347.54,2011-08-05 12:48:00,2
17458,15,1,316.5,316.5,2011-11-24 13:01:00,2
17459,43,2,657.3,328.65,2011-10-27 13:25:00,2
17460,94,6,622.4300000000001,103.73833333333334,2011-09-06 15:04:00,2
17461,23,3,757.46,252.48666666666668,2011-11-17 10:21:00,2
17462,60,2,675.69,337.845,2011-10-10 13:56:00,2
17463,16,5,1896.41,379.282,2011-11-23 13:40:00,2
17464,158,1,289.96000000000004,289.96000000000004,2011-07-04 13:19:00,2
17466,10,2,763.28,381.64,2011-11-29 13:15:00,2
17468,10,2,137.0,68.5,2011-11-29 15:33:00,2
17469,16,5,1870.97,374.194,2011-11-23 13:15:00,2
17470,45,5,1125.07,225.014,2011-10-26 12:42:00,2
17472,191,3,710.29,236.7633333333333,2011-06-01 14:57:00,2
17475,79,1,194.37,194.37,2011-09-21 14:55:00,2
17480,78,1,511.82,511.82,2011-09-23 11:39:00,2
17481,4,4,1255.59,313.8975,2011-12-06 12:28:00,2
17483,65,3,414.04,138.01333333333335,2011-10-05 13:10:00,2
17486,261,1,396.87,396.87,2011-03-23 14:00:00,2
17489,59,2,376.64,188.32,2011-10-12 08:56:00,2
17490,1,7,2092.32,298.9028571428572,2011-12-09 09:08:00,2
17491,1,10,3558.87,355.887,2011-12-08 16:18:00,2
17492,248,1,374.57,374.57,2011-04-05 15:21:00,2
17495,8,2,497.56,248.78,2011-12-02 12:08:00,2
17496,359,1,271.05,271.05,2010-12-16 08:39:00,2
17498,76,1,272.22,272.22,2011-09-25 12:25:00,2
17499,290,1,622.88,622.88,2011-02-23 09:14:00,2
17500,17,3,1138.0,379.3333333333333,2011-11-22 14:25:00,2
17501,221,2,288.6,144.3,2011-05-03 09:47:00,2
17502,9,4,689.1,172.275,2011-11-30 13:13:00,2
17503,3,2,558.96,279.48,2011-12-07 09:18:00,2
17504,206,9,2997.03,333.00333333333333,2011-05-17 12:59:00,2
17505,162,2,1145.84,572.92,2011-07-01 12:50:00,2
17506,76,1,302.2,302.2,2011-09-25 11:39:00,2
17507,262,2,605.58,302.79,2011-03-23 11:48:00,2
17508,281,1,387.31,387.31,2011-03-04 08:10:00,2
17509,58,8,6115.14,764.3925,2011-10-13 10:26:00,2
17510,25,1,308.48,308.48,2011-11-15 10:00:00,2
17511,3,31,91062.38,2937.496129032258,2011-12-07 10:12:00,2
17512,29,10,2924.99,292.499,2011-11-11 12:11:00,2
17513,72,1,513.2,513.2,2011-09-28 16:42:00,2
17514,128,1,208.65,208.65,2011-08-03 15:45:00,2
17515,31,4,639.02,159.755,2011-11-08 14:04:00,2
17516,15,5,768.08,153.616,2011-11-24 16:51:00,2
17517,309,1,153.94,153.94,2011-02-04 11:48:00,2
17519,17,6,1844.02,307.33666666666664,2011-11-22 16:43:00,2
17520,54,1,546.81,546.81,2011-10-17 12:04:00,2
17521,30,3,723.2099999999999,241.07,2011-11-10 11:22:00,2
17522,2,5,1070.71,214.142,2011-12-08 12:31:00,2
17523,11,4,652.74,163.185,2011-11-28 13:20:00,2
17524,361,1,145.0,145.0,2010-12-13 14:32:00,2
17525,360,1,422.7000000000001,422.7000000000001,2010-12-15 12:05:00,2
17526,5,4,1195.9,298.975,2011-12-05 11:05:00,2
17527,54,4,939.37,234.8425,2011-10-17 12:32:00,2
17528,1,8,3628.5,453.5625,2011-12-08 13:27:00,2
17530,1,10,2385.0,238.5,2011-12-08 18:42:00,2
17531,190,1,296.7,296.7,2011-06-02 19:17:00,2
17534,54,1,223.36,223.36,2011-10-17 12:47:00,2
17535,280,1,164.4,164.4,2011-03-04 15:20:00,2
17536,177,1,76.5,76.5,2011-06-15 13:23:00,2
17537,30,2,897.62,448.81,2011-11-10 10:56:00,2
17538,26,1,98.42,98.42,2011-11-14 12:12:00,2
17540,25,2,578.9,289.45,2011-11-15 11:56:00,2
17542,270,1,170.75,170.75,2011-03-15 11:45:00,2
17545,43,3,645.96,215.32,2011-10-27 14:04:00,2
17548,234,1,103.3,103.3,2011-04-20 12:01:00,2
17549,24,2,148.86,74.43,2011-11-16 09:59:00,2
17550,197,3,267.16,89.05333333333334,2011-05-26 14:09:00,2
17551,359,1,306.84,306.84,2010-12-15 14:12:00,2
17552,60,4,930.41,232.6025,2011-10-10 17:00:00,2
17553,130,1,1487.6,1487.6,2011-08-02 10:00:00,2
17554,1,5,1952.45,390.49,2011-12-08 14:15:00,2
17555,20,2,483.26,241.63,2011-11-20 12:22:00,2
17556,206,1,157.9,157.9,2011-05-18 10:48:00,2
17557,14,3,541.46,180.48666666666668,2011-11-25 12:57:00,2
17560,95,4,854.95,213.7375,2011-09-06 09:18:00,2
17561,19,1,167.62,167.62,2011-11-20 12:53:00,2
17562,14,7,1122.38,160.34,2011-11-25 14:21:00,2
17564,24,3,454.01,151.33666666666667,2011-11-15 13:27:00,2
17566,8,2,901.21,450.605,2011-12-01 19:54:00,2
17567,7,8,4331.48,541.435,2011-12-02 15:48:00,2
17569,332,1,344.14,344.14,2011-01-11 14:15:00,2
17571,50,4,1498.51,374.6275,2011-10-20 15:57:00,2
17572,71,4,226.75000000000003,56.68750000000001,2011-09-29 17:53:00,2
17573,29,3,380.6,126.86666666666667,2011-11-10 13:01:00,2
17574,243,1,185.65,185.65,2011-04-11 09:47:00,2
17576,8,19,3622.68,190.66736842105263,2011-12-01 17:56:00,2
17578,218,1,143.45999999999998,143.45999999999998,2011-05-05 18:38:00,2
17579,5,3,448.9,149.63333333333335,2011-12-05 12:28:00,2
17580,253,3,215.72,71.90666666666667,2011-04-01 12:41:00,2
17581,1,25,11045.04,441.8016,2011-12-09 12:21:00,2
17582,236,1,175.27,175.27,2011-04-17 13:18:00,2
17584,7,2,1242.3,621.15,2011-12-02 17:12:00,2
17585,109,4,1133.07,283.2675,2011-08-22 13:30:00,2
17588,100,3,1240.2,413.4,2011-08-31 13:37:00,2
17589,60,4,2404.17,601.0425,2011-10-10 16:58:00,2
17590,2,3,1479.22,493.0733333333333,2011-12-07 12:55:00,2
17591,73,7,2225.9700000000003,317.9957142857143,2011-09-27 13:42:00,2
17593,4,5,3927.34,785.4680000000001,2011-12-06 10:30:00,2
17594,85,2,993.18,496.59,2011-09-15 16:34:00,2
17595,12,2,388.79,194.395,2011-11-27 16:08:00,2
17596,23,7,2827.93,403.99,2011-11-16 14:11:00,2
17597,214,1,2044.37,2044.37,2011-05-10 11:54:00,2
17600,18,1,161.67000000000002,161.67000000000002,2011-11-22 09:43:00,2
17601,239,1,116.01,116.01,2011-04-14 18:02:00,2
17602,2,6,5102.97,850.495,2011-12-07 13:53:00,2
17603,78,1,394.72,394.72,2011-09-22 14:18:00,2
17604,217,2,309.36,154.68,2011-05-06 13:43:00,2
17608,33,2,193.42,96.71,2011-11-06 13:06:00,2
17609,41,5,1112.22,222.444,2011-10-30 12:28:00,2
17611,7,15,3984.22,265.61466666666666,2011-12-02 13:29:00,2
17612,53,6,2048.45,341.4083333333333,2011-10-17 14:59:00,2
17613,23,14,4559.150000000001,325.65357142857147,2011-11-17 10:51:00,2
17614,57,1,390.07,390.07,2011-10-13 16:01:00,2
17615,130,3,329.6,109.86666666666667,2011-08-01 14:06:00,2
17616,174,3,571.1999999999999,190.4,2011-06-19 10:11:00,2
17618,6,3,971.58,323.86,2011-12-04 11:50:00,2
17619,312,1,218.52,218.52,2011-01-31 14:18:00,2
17620,60,1,81.44,81.44,2011-10-11 12:08:00,2
17621,21,3,1379.9,459.9666666666667,2011-11-18 17:11:00,2
17623,33,1,527.0500000000001,527.0500000000001,2011-11-07 11:32:00,2
17624,15,2,843.48,421.74,2011-11-25 10:52:00,2
17625,18,4,2047.0,511.75,2011-11-21 13:36:00,2
17628,81,1,75.75,75.75,2011-09-19 15:21:00,2
17629,6,8,1814.12,226.765,2011-12-04 10:56:00,2
17630,170,2,503.6,251.8,2011-06-23 11:58:00,2
17631,2,3,528.33,176.11,2011-12-08 09:47:00,2
17633,31,4,1324.84,331.21,2011-11-08 13:25:00,2
17634,36,9,2361.9700000000003,262.4411111111111,2011-11-03 13:09:00,2
17636,19,1,285.56,285.56,2011-11-20 14:40:00,2
17637,31,2,547.0600000000001,273.53000000000003,2011-11-08 12:51:00,2
17639,276,1,108.5,108.5,2011-03-08 15:22:00,2
17640,87,1,621.66,621.66,2011-09-14 09:13:00,2
17642,120,2,712.29,356.145,2011-08-12 09:11:00,2
17643,373,1,101.55,101.55,2010-12-01 14:38:00,2
17644,1,11,2895.64,263.24,2011-12-08 13:43:00,2
17646,219,3,1008.39,336.13,2011-05-04 13:17:00,2
17647,65,1,133.06,133.06,2011-10-05 15:38:00,2
17648,61,4,1797.5,449.375,2011-10-10 09:41:00,2
17649,138,1,868.49,868.49,2011-07-24 15:53:00,2
17650,21,1,166.08,166.08,2011-11-18 14:52:00,2
17651,12,10,3945.0,394.5,2011-11-28 10:29:00,2
17652,25,12,4867.72,405.6433333333334,2011-11-14 12:55:00,2
17653,37,4,1207.56,301.89,2011-11-03 12:46:00,2
17654,277,1,117.55,117.55,2011-03-07 13:17:00,2
17655,11,7,2638.94,376.99142857142857,2011-11-29 11:34:00,2
17656,73,5,1674.69,334.938,2011-09-27 13:04:00,2
17658,26,2,595.42,297.71,2011-11-14 12:07:00,2
17659,17,12,2999.46,249.955,2011-11-22 13:29:00,2
17660,141,1,196.0,196.0,2011-07-21 13:37:00,2
17663,26,7,1802.91,257.55857142857144,2011-11-14 08:56:00,2
17664,19,2,604.64,302.32,2011-11-21 11:29:00,2
17666,4,2,728.16,364.08,2011-12-06 09:06:00,2
17667,66,5,2055.51,411.102,2011-10-04 14:32:00,2
17668,1,2,347.75,173.875,2011-12-08 13:25:00,2
17669,43,7,3406.7200000000003,486.67428571428576,2011-10-28 08:53:00,2
17670,228,1,205.7,205.7,2011-04-26 09:12:00,2
17671,16,4,1572.71,393.1775,2011-11-24 12:21:00,2
17672,50,2,3178.17,1589.085,2011-10-20 14:18:00,2
17673,2,6,1629.12,271.52,2011-12-08 12:50:00,2
17674,74,2,551.04,275.52,2011-09-26 13:35:00,2
17675,1,31,20374.28,657.2348387096774,2011-12-08 18:03:00,2
17676,4,6,1387.68,231.28,2011-12-05 15:16:00,2
17677,2,30,16363.23,545.441,2011-12-08 09:56:00,2
17678,264,1,298.11,298.11,2011-03-21 11:52:00,2
17679,53,2,1992.11,996.055,2011-10-18 07:43:00,2
17680,24,1,184.4,184.4,2011-11-16 12:42:00,2
17682,10,6,2474.33,412.3883333333333,2011-11-29 15:59:00,2
17684,44,1,239.41,239.41,2011-10-27 11:10:00,2
17685,17,7,3191.53,455.9328571428572,2011-11-23 11:36:00,2
17686,7,7,5739.46,819.9228571428572,2011-12-02 15:39:00,2
17690,30,15,4757.95,317.19666666666666,2011-11-09 15:17:00,2
17691,358,2,290.40000000000003,145.20000000000002,2010-12-16 17:20:00,2
17692,127,4,740.9399999999999,185.235,2011-08-04 14:01:00,2
17693,137,1,200.47,200.47,2011-07-25 15:48:00,2
17694,142,1,283.12,283.12,2011-07-21 12:00:00,2
17695,132,2,765.34,382.67,2011-07-31 10:40:00,2
17696,38,8,2285.71,285.71375,2011-11-01 13:43:00,2
17697,236,1,338.95,338.95,2011-04-17 15:40:00,2
17698,261,1,154.95,154.95,2011-03-24 11:34:00,2
17700,17,4,2534.64,633.66,2011-11-23 11:51:00,2
17701,253,1,417.95,417.95,2011-04-01 12:25:00,2
17702,30,4,1824.37,456.0925,2011-11-09 16:03:00,2
17703,35,3,798.74,266.24666666666667,2011-11-04 15:51:00,2
17704,169,2,885.19,442.595,2011-06-24 09:40:00,2
17705,3,9,1823.52,202.61333333333332,2011-12-06 13:45:00,2
17706,4,17,10504.49,617.9111764705882,2011-12-05 13:34:00,2
17707,185,2,152.4,76.2,2011-06-07 15:03:00,2
17708,188,2,267.08,133.54,2011-06-05 10:12:00,2
17709,170,1,137.45,137.45,2011-06-23 11:55:00,2
17711,11,2,385.1,192.55,2011-11-29 11:40:00,2
17712,45,1,522.91,522.91,2011-10-26 12:28:00,2
17714,321,1,153.0,153.0,2011-01-23 10:32:00,2
17715,201,1,326.4,326.4,2011-05-23 12:32:00,2
17716,23,11,5655.99,514.180909090909,2011-11-17 12:00:00,2
17718,232,1,139.35,139.35,2011-04-21 13:39:00,2
17719,38,15,5396.04,359.736,2011-11-02 10:36:00,2
17720,26,4,1195.94,298.985,2011-11-13 15:04:00,2
17722,96,4,2424.04,606.01,2011-09-04 15:22:00,2
17723,127,6,3276.4000000000005,546.0666666666667,2011-08-04 18:37:00,2
17724,71,3,1033.0,344.3333333333333,2011-09-29 15:26:00,2
17725,16,11,3439.08,312.64363636363635,2011-11-23 16:34:00,2
17727,15,1,1060.25,1060.25,2011-11-24 17:06:00,2
17728,4,3,2876.01,958.67,2011-12-06 08:52:00,2
17730,3,13,5298.4800000000005,407.5753846153847,2011-12-06 15:43:00,2
17731,79,4,1240.11,310.0275,2011-09-21 15:02:00,2
17732,373,1,303.97,303.97,2010-12-02 09:29:00,2
17733,39,2,692.19,346.095,2011-11-01 08:16:00,2
17734,54,3,700.63,233.5433333333333,2011-10-17 12:33:00,2
17735,2,19,13110.02,690.001052631579,2011-12-07 16:47:00,2
17736,9,3,377.44,125.81333333333332,2011-11-30 15:36:00,2
17737,9,2,168.24,84.12,2011-11-30 15:16:00,2
17738,19,4,1879.05,469.7625,2011-11-20 15:05:00,2
17739,12,7,2791.35,398.7642857142857,2011-11-28 09:12:00,2
17742,113,2,355.11,177.555,2011-08-18 15:28:00,2
17744,4,6,2322.4,387.06666666666666,2011-12-06 12:11:00,2
17746,240,1,110.25,110.25,2011-04-13 14:31:00,2
17747,113,1,71.4,71.4,2011-08-19 08:13:00,2
17749,178,2,674.52,337.26,2011-06-14 15:45:00,2
17750,5,9,1797.57,199.73,2011-12-04 14:09:00,2
17752,359,1,80.64,80.64,2010-12-15 16:19:00,2
17754,1,5,1772.26,354.452,2011-12-09 11:20:00,2
17757,1,30,5605.29,186.843,2011-12-08 15:31:00,2
17758,19,8,3456.7000000000003,432.0875,2011-11-20 14:45:00,2
17759,17,3,834.99,278.33,2011-11-22 16:02:00,2
17760,22,2,287.59,143.795,2011-11-18 10:56:00,2
17761,33,1,712.78,712.78,2011-11-07 10:23:00,2
17763,263,1,15.0,15.0,2011-03-21 14:25:00,2
17764,51,2,818.8199999999999,409.41,2011-10-20 11:03:00,2
17765,159,3,371.88,123.96,2011-07-04 12:41:00,2
17767,15,1,271.2,271.2,2011-11-24 14:42:00,2
17768,8,3,2273.1800000000003,757.7266666666668,2011-12-01 13:22:00,2
17769,13,10,3997.98,399.798,2011-11-27 11:18:00,2
17770,199,5,1143.27,228.654,2011-05-25 12:34:00,2
17771,57,2,245.81,122.905,2011-10-14 11:43:00,2
17772,11,2,182.77,91.385,2011-11-29 11:05:00,2
17774,97,4,1225.41,306.3525,2011-09-04 12:49:00,2
17775,255,1,56.4,56.4,2011-03-30 10:50:00,2
17777,25,3,665.86,221.95333333333332,2011-11-15 12:02:00,2
17779,21,3,658.57,219.5233333333333,2011-11-18 14:15:00,2
17781,159,2,188.02,94.01,2011-07-03 16:00:00,2
17783,72,2,283.47,141.735,2011-09-28 16:07:00,2
17785,53,1,131.94,131.94,2011-10-17 13:43:00,2
17786,85,2,278.74,139.37,2011-09-15 12:51:00,2
17787,153,4,1865.19,466.2975,2011-07-10 11:24:00,2
17788,74,2,1117.9,558.95,2011-09-27 10:09:00,2
17789,281,1,225.9,225.9,2011-03-03 13:14:00,2
17790,27,14,1965.55,140.39642857142857,2011-11-13 11:30:00,2
17791,30,1,106.1,106.1,2011-11-10 12:09:00,2
17793,25,1,323.04,323.04,2011-11-14 14:24:00,2
17795,180,2,350.39,175.195,2011-06-13 12:36:00,2
17796,40,4,697.9,174.475,2011-10-30 15:38:00,2
17797,22,3,780.43,260.1433333333333,2011-11-17 13:21:00,2
17799,22,10,3055.93,305.593,2011-11-17 15:16:00,2
17800,37,9,1199.01,133.22333333333333,2011-11-02 12:57:00,2
17802,82,3,1285.04,428.3466666666666,2011-09-18 14:56:00,2
17805,74,1,512.31,512.31,2011-09-27 11:49:00,2
17806,11,1,546.04,546.04,2011-11-28 14:12:00,2
17809,16,12,5411.91,450.9925,2011-11-23 12:59:00,2
17811,4,39,7837.73,200.9674358974359,2011-12-05 13:46:00,2
17812,13,4,732.16,183.04,2011-11-27 11:47:00,2
17813,14,5,1770.88,354.176,2011-11-25 16:13:00,2
17816,37,4,36.56,9.14,2011-11-03 11:34:00,2
17817,4,3,387.68,129.22666666666666,2011-12-05 14:39:00,2
17819,72,7,3704.87,529.2671428571429,2011-09-29 10:52:00,2
17824,51,1,298.4,298.4,2011-10-19 14:14:00,2
17827,5,5,1995.46,399.092,2011-12-04 15:00:00,2
17828,23,4,1820.09,455.0225,2011-11-17 08:41:00,2
17829,299,1,889.24,889.24,2011-02-14 12:46:00,2
17830,2,3,398.7,132.9,2011-12-08 12:28:00,2
17831,33,1,35.400000000000006,35.400000000000006,2011-11-06 15:09:00,2
17832,50,1,155.37,155.37,2011-10-21 11:43:00,2
17835,3,3,350.64,116.88,2011-12-07 11:48:00,2
17836,47,1,110.21,110.21,2011-10-23 16:13:00,2
17837,42,8,1593.38,199.1725,2011-10-28 16:13:00,2
17838,27,5,2779.3,555.86,2011-11-13 11:20:00,2
17839,42,1,338.8,338.8,2011-10-28 17:27:00,2
17841,2,124,40991.57,330.5771774193548,2011-12-08 12:07:00,2
17843,303,1,205.48,205.48,2011-02-09 15:33:00,2
17844,107,1,51.56,51.56,2011-08-25 11:27:00,2
17846,85,1,2033.1,2033.1,2011-09-15 15:20:00,2
17848,81,9,901.2,100.13333333333333,2011-09-19 16:49:00,2
17849,218,4,605.8000000000001,151.45000000000002,2011-05-05 13:46:00,2
17850,372,34,5391.21,158.565,2010-12-02 15:27:00,2
17852,12,2,114.34,57.17,2011-11-28 12:36:00,2
17854,185,2,311.26,155.63,2011-06-07 16:21:00,2
17855,373,1,208.97,208.97,2010-12-02 09:44:00,2
17856,2,4,1418.03,354.5075,2011-12-08 09:40:00,2
17857,4,23,26879.04,1168.6539130434785,2011-12-05 13:13:00,2
17858,6,12,5155.66,429.6383333333333,2011-12-04 11:56:00,2
17859,305,1,148.21,148.21,2011-02-08 10:32:00,2
17860,369,1,252.8,252.8,2010-12-06 12:41:00,2
17861,3,8,2100.8,262.6,2011-12-06 16:21:00,2
17862,324,1,330.9,330.9,2011-01-20 12:23:00,2
17863,59,6,3160.0,526.6666666666666,2011-10-11 13:45:00,2
17864,13,3,597.5,199.16666666666663,2011-11-27 11:15:00,2
17865,31,20,10526.32,526.316,2011-11-09 12:08:00,2
17866,143,1,329.65,329.65,2011-07-20 11:07:00,2
17867,30,6,1197.1,199.51666666666668,2011-11-09 14:15:00,2
17869,107,5,428.18,85.636,2011-08-24 16:16:00,2
17870,2,12,1894.35,157.86249999999998,2011-12-07 15:07:00,2
17871,205,1,155.9,155.9,2011-05-19 11:32:00,2
17873,80,5,1859.16,371.832,2011-09-20 16:41:00,2
17874,185,6,683.46,113.91,2011-06-07 12:54:00,2
17877,170,1,237.61,237.61,2011-06-22 13:00:00,2
17878,44,1,379.45,379.45,2011-10-27 11:24:00,2
17879,174,1,178.51999999999998,178.51999999999998,2011-06-19 12:36:00,2
17880,365,1,458.92,458.92,2010-12-10 10:21:00,2
17881,304,1,133.35000000000002,133.35000000000002,2011-02-08 17:16:00,2
17883,3,4,671.77,167.9425,2011-12-06 17:49:00,2
17884,4,4,717.45,179.3625,2011-12-06 11:33:00,2
17885,12,1,190.19,190.19,2011-11-27 14:40:00,2
17886,32,3,899.61,299.87,2011-11-08 10:09:00,2
17887,129,1,111.35,111.35,2011-08-02 17:29:00,2
17888,21,8,726.05,90.75625,2011-11-18 13:45:00,2
17889,212,2,203.87,101.935,2011-05-11 16:26:00,2
17890,323,2,602.09,301.045,2011-01-21 11:19:00,2
17891,162,1,203.86,203.86,2011-06-30 20:08:00,2
17892,56,3,244.1,81.36666666666666,2011-10-14 16:49:00,2
17893,225,1,112.25,112.25,2011-04-28 13:50:00,2
17894,72,8,1119.81,139.97625,2011-09-29 09:23:00,2
17895,44,1,98.0,98.0,2011-10-26 17:00:00,2
17896,23,1,256.32,256.32,2011-11-16 13:59:00,2
17897,173,3,566.6,188.86666666666667,2011-06-20 11:23:00,2
17898,85,2,152.06,76.03,2011-09-15 14:56:00,2
17899,159,1,155.8,155.8,2011-07-03 14:58:00,2
17900,190,2,112.2,56.1,2011-06-02 14:38:00,2
17901,29,1,110.38,110.38,2011-11-10 17:29:00,2
17904,21,1,191.67,191.67,2011-11-18 12:57:00,2
17905,71,4,800.24,200.06,2011-09-29 17:33:00,2
17906,247,1,72.9,72.9,2011-04-06 17:25:00,2
17908,374,1,243.28,243.28,2010-12-01 11:45:00,2
17911,9,1,366.23,366.23,2011-11-30 14:52:00,2
17912,310,5,311.01,62.202,2011-02-02 14:25:00,2
17913,59,2,411.6,205.8,2011-10-12 10:45:00,2
17914,4,1,336.43,336.43,2011-12-06 11:58:00,2
17917,45,3,341.28,113.76,2011-10-25 13:20:00,2
17919,88,1,1304.04,1304.04,2011-09-12 13:41:00,2
17920,4,17,4204.1,247.3,2011-12-05 14:29:00,2
17921,64,4,826.52,206.63,2011-10-06 18:56:00,2
17923,282,1,207.50000000000003,207.50000000000003,2011-03-02 15:15:00,2
17924,12,7,2962.5,423.2142857142857,2011-11-28 09:11:00,2
17925,373,1,244.08,244.08,2010-12-02 10:10:00,2
17926,133,2,397.29,198.645,2011-07-29 14:39:00,2
17928,45,2,212.54,106.27,2011-10-25 13:52:00,2
17929,11,4,843.0,210.75,2011-11-28 16:01:00,2
17930,36,5,1740.48,348.096,2011-11-04 10:23:00,2
17931,134,2,408.36,204.18,2011-07-28 18:33:00,2
17932,29,3,1331.57,443.8566666666666,2011-11-10 19:49:00,2
17934,52,2,704.25,352.125,2011-10-19 11:16:00,2
17935,138,2,145.79,72.895,2011-07-24 13:18:00,2
17936,5,1,389.84,389.84,2011-12-04 13:32:00,2
17937,9,7,4301.22,614.46,2011-12-01 11:45:00,2
17939,160,1,99.14,99.14,2011-07-03 12:27:00,2
17940,49,10,4106.4400000000005,410.64400000000006,2011-10-21 13:27:00,2
17941,131,1,304.56,304.56,2011-08-01 08:30:00,2
17942,8,1,77.50000000000001,77.50000000000001,2011-12-02 10:45:00,2
17946,233,2,149.57999999999998,74.78999999999999,2011-04-20 17:00:00,2
17947,37,1,176.68,176.68,2011-11-02 13:05:00,2
17948,147,1,358.56000000000006,358.56000000000006,2011-07-15 12:58:00,2
17949,1,45,58510.48,1300.232888888889,2011-12-08 18:46:00,2
17950,72,3,482.2,160.73333333333332,2011-09-28 15:18:00,2
17951,40,3,1008.54,336.18,2011-10-31 12:30:00,2
17954,5,12,2332.72,194.3933333333333,2011-12-04 14:15:00,2
17955,199,4,557.3,139.325,2011-05-25 12:00:00,2
17956,249,1,12.75,12.75,2011-04-04 13:47:00,2
17957,66,1,111.68,111.68,2011-10-04 14:58:00,2
17958,117,1,508.4599999999999,508.4599999999999,2011-08-15 12:19:00,2
17960,171,1,73.78,73.78,2011-06-21 14:15:00,2
17961,21,39,1296.44,33.242051282051285,2011-11-18 16:55:00,2
17962,142,1,102.83,102.83,2011-07-20 14:16:00,2
17964,32,2,471.7,235.85,2011-11-08 10:44:00,2
17965,38,14,2622.57,187.32642857142855,2011-11-02 09:31:00,2
17966,38,5,1098.43,219.686,2011-11-02 10:26:00,2
17967,372,1,123.07,123.07,2010-12-03 11:19:00,2
17968,374,1,277.35,277.35,2010-12-01 12:23:00,2
17969,166,2,228.2,114.1,2011-06-26 13:00:00,2
17970,211,1,582.59,582.59,2011-05-12 20:03:00,2
17972,242,1,136.04,136.04,2011-04-12 12:16:00,2
17973,52,1,337.04,337.04,2011-10-19 10:34:00,2
17974,25,3,740.79,246.93,2011-11-15 11:37:00,2
17975,15,13,4488.81,345.29307692307697,2011-11-24 13:27:00,2
17976,372,1,353.19,353.19,2010-12-02 13:49:00,2
17977,29,1,288.14,288.14,2011-11-10 13:28:00,2
17978,365,1,300.92,300.92,2010-12-09 14:05:00,2
17979,36,4,757.71,189.4275,2011-11-04 12:05:00,2
17980,166,3,811.45,270.4833333333333,2011-06-27 12:01:00,2
17984,145,1,152.68,152.68,2011-07-17 15:59:00,2
17985,22,1,634.95,634.95,2011-11-17 14:24:00,2
17986,56,1,20.8,20.8,2011-10-14 14:22:00,2
17987,185,1,198.57,198.57,2011-06-07 14:22:00,2
17988,12,7,201.12,28.731428571428573,2011-11-28 11:00:00,2
17990,237,3,630.84,210.28,2011-04-17 11:44:00,2
17991,225,2,93.35,46.675,2011-04-28 15:58:00,2
17994,122,4,678.49,169.6225,2011-08-10 11:41:00,2
17995,282,1,76.1,76.1,2011-03-03 12:30:00,2
17997,74,8,1970.67,246.33375,2011-09-26 16:13:00,2
17999,37,2,382.06,191.03,2011-11-02 15:56:00,2
18001,12,2,417.23,208.615,2011-11-27 16:02:00,2
18004,362,1,169.47,169.47,2010-12-12 13:47:00,2
18005,4,2,249.72,124.86,2011-12-06 11:51:00,2
18006,23,1,444.68,444.68,2011-11-16 16:52:00,2
18008,70,9,2116.19,235.13222222222225,2011-09-30 15:17:00,2
18009,235,1,257.34,257.34,2011-04-18 13:36:00,2
18010,257,1,174.8,174.8,2011-03-28 12:27:00,2
18011,373,1,102.79,102.79,2010-12-01 17:35:00,2
18013,155,2,187.29,93.645,2011-07-07 14:11:00,2
18014,28,1,166.42,166.42,2011-11-11 15:28:00,2
18015,4,1,120.03,120.03,2011-12-05 14:49:00,2
18016,32,5,1483.56,296.712,2011-11-07 13:25:00,2
18017,81,3,523.0,174.33333333333334,2011-09-19 16:15:00,2
18018,108,2,122.14,61.07,2011-08-23 17:37:00,2
18019,52,1,38.45,38.45,2011-10-19 12:10:00,2
18022,36,1,668.11,668.11,2011-11-04 12:45:00,2
18024,153,2,389.78,194.89,2011-07-10 12:40:00,2
18027,99,1,115.31,115.31,2011-09-02 10:38:00,2
18030,4,2,230.65,115.325,2011-12-05 16:37:00,2
18032,334,1,73.5,73.5,2011-01-09 15:32:00,2
18033,65,1,97.97,97.97,2011-10-05 17:28:00,2
18034,22,2,422.88,211.44,2011-11-18 12:22:00,2
18035,36,3,730.4,243.46666666666667,2011-11-04 12:39:00,2
18036,32,3,405.62,135.20666666666668,2011-11-07 14:40:00,2
18037,154,6,70.02,11.67,2011-07-08 13:39:00,2
18040,19,2,357.20000000000005,178.60000000000002,2011-11-20 14:20:00,2
18041,12,21,4183.39,199.2090476190476,2011-11-28 11:39:00,2
18042,54,1,165.04999999999998,165.04999999999998,2011-10-17 11:49:00,2
18043,25,3,559.51,186.50333333333333,2011-11-15 12:48:00,2
18044,4,10,2088.6,208.86,2011-12-05 14:26:00,2
18045,45,1,189.4,189.4,2011-10-25 13:07:00,2
18048,203,2,172.29000000000002,86.14500000000001,2011-05-20 14:58:00,2
18050,359,1,74.4,74.4,2010-12-15 14:25:00,2
18053,71,1,300.02,300.02,2011-09-30 09:05:00,2
18055,7,10,6784.1900000000005,678.4190000000001,2011-12-02 14:25:00,2
18056,288,1,363.65,363.65,2011-02-24 14:27:00,2
18058,10,1,170.16,170.16,2011-11-30 08:38:00,2
18059,23,3,306.46,102.15333333333332,2011-11-16 16:49:00,2
18061,22,10,2119.41,211.941,2011-11-18 11:20:00,2
18062,173,3,720.52,240.1733333333333,2011-06-19 14:47:00,2
18064,133,2,814.0,407.0,2011-07-29 16:39:00,2
18065,6,14,2392.83,170.91642857142855,2011-12-04 10:30:00,2
18066,75,1,318.0,318.0,2011-09-25 15:30:00,2
18067,40,1,396.33,396.33,2011-10-30 15:58:00,2
18068,289,1,101.7,101.7,2011-02-23 14:50:00,2
18069,26,5,2036.67,407.334,2011-11-13 16:03:00,2
18071,258,2,453.0,226.5,2011-03-27 11:59:00,2
18072,186,1,247.44,247.44,2011-06-07 10:44:00,2
18073,114,12,3877.52,323.1266666666667,2011-08-17 14:02:00,2
18074,374,1,489.6,489.6,2010-12-01 09:53:00,2
18075,23,10,2611.75,261.175,2011-11-16 15:21:00,2
18077,8,11,2633.01,239.36454545454544,2011-12-01 13:32:00,2
18078,217,2,336.13,168.065,2011-05-06 14:32:00,2
18079,45,4,3651.97,912.9925,2011-10-25 15:27:00,2
18080,19,2,1231.5,615.75,2011-11-21 08:02:00,2
18081,36,3,343.45,114.48333333333332,2011-11-03 16:30:00,2
18082,26,1,703.37,703.37,2011-11-14 12:45:00,2
18084,16,1,90.48,90.48,2011-11-23 13:57:00,2
18085,330,2,689.95,344.975,2011-01-13 15:17:00,2
18086,274,1,101.34,101.34,2011-03-10 13:34:00,2
18087,98,2,4055.7199999999993,2027.86,2011-09-02 15:12:00,2
18088,61,1,167.67000000000002,167.67000000000002,2011-10-09 13:41:00,2
18092,2,11,9068.26,824.3872727272727,2011-12-07 13:14:00,2
18093,93,4,2106.52,526.63,2011-09-07 15:43:00,2
18094,82,7,3017.3,431.04285714285714,2011-09-19 09:28:00,2
18095,313,2,580.0500000000001,290.02500000000003,2011-01-31 12:50:00,2
18096,12,3,911.15,303.71666666666664,2011-11-28 12:44:00,2
18097,8,6,2697.8,449.6333333333334,2011-12-02 11:16:00,2
18099,127,1,168.31,168.31,2011-08-04 15:52:00,2
18101,11,2,223.65,111.825,2011-11-28 13:37:00,2
18102,1,60,259657.3,4327.621666666667,2011-12-09 11:50:00,2
18104,37,1,754.64,754.64,2011-11-02 14:07:00,2
18105,38,1,113.48000000000002,113.48000000000002,2011-11-02 12:04:00,2
18106,330,1,430.7,430.7,2011-01-14 12:23:00,2
18108,254,1,271.0,271.0,2011-03-30 13:56:00,2
18109,2,26,8052.97,309.7296153846154,2011-12-08 11:36:00,2
18110,20,1,236.3,236.3,2011-11-20 12:34:00,2
18112,12,2,352.69,176.345,2011-11-27 14:43:00,2
18113,369,1,76.32000000000001,76.32000000000001,2010-12-06 12:31:00,2
18114,290,1,220.1,220.1,2011-02-22 13:20:00,2
18116,68,8,1418.03,177.25375,2011-10-03 11:00:00,2
18117,26,1,320.72,320.72,2011-11-14 12:47:00,2
18118,11,26,5653.82,217.45461538461535,2011-11-29 11:32:00,2
18119,368,1,181.12,181.12,2010-12-07 11:59:00,2
18120,214,1,111.15,111.15,2011-05-09 13:45:00,2
18121,149,2,673.1,336.55,2011-07-13 12:53:00,2
18122,8,6,1826.21,304.36833333333334,2011-12-01 13:08:00,2
18123,24,2,589.4399999999999,294.72,2011-11-15 14:23:00,2
18125,30,4,1142.99,285.7475,2011-11-10 12:29:00,2
18126,61,1,206.83,206.83,2011-10-10 12:19:00,2
18127,19,3,348.73,116.24333333333334,2011-11-20 14:05:00,2
18129,243,1,112.55,112.55,2011-04-10 14:16:00,2
18130,15,3,1059.39,353.13000000000005,2011-11-24 14:40:00,2
18133,212,1,931.5,931.5,2011-05-11 14:14:00,2
18135,29,5,681.9100000000001,136.382,2011-11-10 19:32:00,2
18136,63,3,784.33,261.4433333333333,2011-10-07 15:40:00,2
18138,295,1,152.65,152.65,2011-02-17 14:51:00,2
18139,18,6,8438.34,1406.39,2011-11-22 10:44:00,2
18142,157,2,1019.52,509.76,2011-07-05 13:19:00,2
18143,117,2,1000.16,500.08,2011-08-15 12:07:00,2
18144,8,12,2888.75,240.72916666666663,2011-12-02 12:46:00,2
18145,13,4,2861.55,715.3875,2011-11-27 11:22:00,2
18146,141,2,160.35000000000002,80.17500000000001,2011-07-22 12:08:00,2
18147,46,2,179.33999999999995,89.66999999999999,2011-10-25 11:46:00,2
18149,51,3,612.0799999999999,204.02666666666664,2011-10-20 12:04:00,2
18150,32,3,566.58,188.86,2011-11-07 16:49:00,2
18151,135,2,653.35,326.675,2011-07-28 11:35:00,2
18154,3,2,399.19,199.595,2011-12-06 16:41:00,2
18155,75,3,371.62,123.87333333333332,2011-09-25 13:32:00,2
18156,13,2,734.94,367.47,2011-11-27 12:24:00,2
18158,9,2,453.4,226.7,2011-11-30 16:19:00,2
18159,301,1,530.15,530.15,2011-02-11 14:26:00,2
18160,57,2,638.0600000000001,319.03000000000003,2011-10-13 15:50:00,2
18161,15,5,1618.69,323.738,2011-11-24 16:40:00,2
18164,37,1,399.65,399.65,2011-11-02 12:56:00,2
18165,177,1,302.46000000000004,302.46000000000004,2011-06-15 13:23:00,2
18167,23,3,1384.86,461.62000000000006,2011-11-16 15:56:00,2
18168,176,6,1169.94,194.99,2011-06-16 19:21:00,2
18169,61,1,202.65,202.65,2011-10-10 12:18:00,2
18170,33,3,980.31,326.77,2011-11-06 14:35:00,2
18171,59,5,1231.31,246.262,2011-10-12 09:13:00,2
18172,15,20,7561.68,378.084,2011-11-25 11:12:00,2
18173,87,4,2106.84,526.71,2011-09-14 11:26:00,2
18174,7,1,104.0,104.0,2011-12-02 16:56:00,2
18176,358,1,476.35,476.35,2010-12-16 15:45:00,2
18177,31,6,1341.42,223.57,2011-11-08 14:44:00,2
18178,129,4,1590.81,397.7025,2011-08-03 09:30:00,2
18179,9,6,1793.17,298.8616666666667,2011-11-30 16:23:00,2
18180,5,6,1843.75,307.2916666666667,2011-12-05 08:39:00,2
18181,24,1,382.8,382.8,2011-11-15 15:08:00,2
18183,227,2,632.07,316.035,2011-04-26 15:26:00,2
18184,15,1,49.8,49.8,2011-11-24 15:28:00,2
18185,249,1,304.25,304.25,2011-04-04 13:42:00,2
18188,15,3,2001.04,667.0133333333333,2011-11-24 16:46:00,2
18189,78,2,1090.24,545.12,2011-09-23 12:40:00,2
18190,192,2,284.46000000000004,142.23000000000002,2011-05-31 14:48:00,2
18191,262,1,207.8,207.8,2011-03-23 12:08:00,2
18192,72,1,957.97,957.97,2011-09-29 09:53:00,2
18193,165,1,243.76,243.76,2011-06-27 13:58:00,2
18194,82,1,973.84,973.84,2011-09-18 13:29:00,2
18196,95,2,689.13,344.565,2011-09-05 16:22:00,2
18198,4,17,5425.56,319.1505882352941,2011-12-05 14:49:00,2
18200,106,1,163.8,163.8,2011-08-25 18:45:00,2
18202,200,3,1396.99,465.66333333333336,2011-05-24 12:12:00,2
18203,157,1,160.42000000000002,160.42000000000002,2011-07-05 13:07:00,2
18204,71,3,1993.7,664.5666666666667,2011-09-29 16:44:00,2
18205,36,2,517.36,258.68,2011-11-03 13:22:00,2
18209,29,1,139.10000000000002,139.10000000000002,2011-11-11 12:07:00,2
18210,2,6,2621.38,436.8966666666667,2011-12-08 11:02:00,2
18211,26,5,600.07,120.014,2011-11-14 08:10:00,2
18212,326,1,248.42,248.42,2011-01-17 16:14:00,2
18213,237,1,232.48,232.48,2011-04-17 10:21:00,2
18215,89,1,299.34000000000003,299.34000000000003,2011-09-11 16:05:00,2
18216,31,1,481.75,481.75,2011-11-08 16:55:00,2
18217,29,2,621.75,310.875,2011-11-10 13:18:00,2
18218,211,2,662.08,331.04,2011-05-12 12:53:00,2
18219,3,10,2069.77,206.977,2011-12-07 11:43:00,2
18220,227,1,305.28000000000003,305.28000000000003,2011-04-27 09:03:00,2
18221,22,5,1041.61,208.322,2011-11-17 14:40:00,2
18222,93,1,443.0,443.0,2011-09-08 10:45:00,2
18223,5,14,6484.54,463.18142857142857,2011-12-05 09:11:00,2
18224,264,1,158.95000000000002,158.95000000000002,2011-03-21 10:30:00,2
18225,3,12,5509.12,459.0933333333333,2011-12-06 13:27:00,2
18226,44,11,5228.05,475.2772727272728,2011-10-26 13:36:00,2
18227,218,1,93.75,93.75,2011-05-06 12:23:00,2
18228,57,2,779.9,389.95,2011-10-14 09:21:00,2
18229,12,20,7276.900000000001,363.845,2011-11-28 09:48:00,2
18230,9,7,2810.2000000000003,401.4571428571429,2011-11-30 13:22:00,2
18231,192,5,2083.27,416.654,2011-05-31 14:18:00,2
18232,82,4,592.97,148.2425,2011-09-19 11:49:00,2
18233,326,1,440.0,440.0,2011-01-18 08:44:00,2
18235,72,3,1796.48,598.8266666666667,2011-09-29 08:27:00,2
18236,30,6,882.24,147.04,2011-11-10 08:06:00,2
18237,3,5,987.1,197.42,2011-12-07 12:49:00,2
18239,219,5,1561.61,312.322,2011-05-05 12:38:00,2
18240,46,1,422.58,422.58,2011-10-24 13:06:00,2
18241,10,17,2073.09,121.9464705882353,2011-11-30 12:10:00,2
18242,72,4,2232.49,558.1225000000001,2011-09-28 13:43:00,2
18245,7,7,2567.06,366.7228571428572,2011-12-02 14:48:00,2
18246,24,2,596.1,298.05,2011-11-16 11:49:00,2
18248,123,2,804.02,402.01,2011-08-09 10:19:00,2
18249,17,1,95.34,95.34,2011-11-22 15:07:00,2
18250,310,1,349.27,349.27,2011-02-02 13:16:00,2
18251,87,1,4314.72,4314.72,2011-09-13 15:03:00,2
18252,51,2,526.67,263.335,2011-10-20 12:43:00,2
18255,89,1,103.3,103.3,2011-09-11 13:16:00,2
18257,39,8,2337.63,292.20375,2011-10-31 14:48:00,2
18259,25,3,2338.6000000000004,779.5333333333334,2011-11-15 12:34:00,2
18260,173,6,2643.2000000000003,440.53333333333336,2011-06-20 12:37:00,2
18261,43,2,324.24,162.12,2011-10-27 15:36:00,2
18262,140,1,149.48,149.48,2011-07-22 16:04:00,2
18263,26,3,1213.16,404.3866666666666,2011-11-14 09:00:00,2
18265,72,2,801.51,400.755,2011-09-28 14:10:00,2
18268,134,1,25.5,25.5,2011-07-28 19:13:00,2
18269,366,1,168.6,168.6,2010-12-08 13:53:00,2
18270,38,2,283.15,141.575,2011-11-01 13:57:00,2
18272,3,6,3078.58,513.0966666666667,2011-12-07 12:43:00,2
18273,2,3,204.0,68.0,2011-12-07 13:16:00,2
18274,30,1,175.92,175.92,2011-11-09 17:03:00,2
18276,44,1,335.86,335.86,2011-10-27 10:54:00,2
18277,58,1,110.38,110.38,2011-10-12 15:22:00,2
18278,74,1,173.9,173.9,2011-09-27 11:58:00,2
18280,278,1,180.6,180.6,2011-03-07 09:52:00,2
18281,181,1,80.82,80.82,2011-06-12 10:53:00,2
18282,8,2,178.05,89.025,2011-12-02 11:43:00,2
18283,4,16,2094.88,130.93,2011-12-06 12:02:00,2
18287,43,3,1837.28,612.4266666666666,2011-10-28 09:29:00,2
